キズナアイ,https://www.youtube.com/channel/UC4YaOt1yT-ZeyB0OmxHgolA
Gawr Gura,https://www.youtube.com/channel/UCoSrY_IQQVpmIRZ9Xf-y93g
輝夜月,https://www.youtube.com/channel/UCQYADFw7xEJ9oZSM5ZbqyBw
戌神ころね,https://www.youtube.com/channel/UChAnqc_AY5_I3Px5dig3X1Q
白上フブキ,https://www.youtube.com/channel/UCdn5BQ06XqgXoAxIhbqw5Rg
兎田ぺこら,https://www.youtube.com/channel/UC1DCedRgGHBdm81E1llLhOQ
湊あくあ,https://www.youtube.com/channel/UC1opHUrw8rvnsadT-iGp7Cg
桐生ココ,https://www.youtube.com/channel/UCS9uQI-jC3DE0L4IpXyvr6w
宝鐘マリン,https://www.youtube.com/channel/UCCzUftO8KOVkV4wQG1vkUvg
ミライアカリ,https://www.youtube.com/channel/UCMYtONm441rBogWK_xPH9HA
赤井はあと,https://www.youtube.com/channel/UC1CfXB_kRs3C-zaeTG3oGyg
電脳少女シロ,https://www.youtube.com/channel/UCLhUvJ_wO9hOvv_yYENu4fQ
月ノ美兎,https://www.youtube.com/channel/UCD-miitqNY3nyukJ4Fnf4_A
潤羽るしあ,https://www.youtube.com/channel/UCl_gCybOJRIgOXw6Qb4qJzQ
夏色まつり,https://www.youtube.com/channel/UCQ0UDLQCjY0rmuxCDE38FGg
ヒメヒナ,https://www.youtube.com/channel/UCFv2z4iM5vHrS8bZPq4fHQQ
白銀ノエル,https://www.youtube.com/channel/UCdyqAaZDKHXg4Ahi7VENThQ
猫又おかゆ,https://www.youtube.com/channel/UCvaTdHTWBGv3MKj3KVqJVCw
さくらみこ,https://www.youtube.com/channel/UC-hM6YJuNYVAmUWxeIr9FeA
猫宮ひなた,https://www.youtube.com/channel/UCevD0wKzJFpfIkvHOiQsfLQ
Mori Calliope,https://www.youtube.com/channel/UCL_qhgtOy0dy1Agp8vkySQg
星街すいせい,https://www.youtube.com/channel/UC5CwaMl1eIgY8h02uZw7u8A
本間ひまわり,https://www.youtube.com/channel/UC0g1AE0DOjBYnLhkgoRWN1w
Watson Amelia,https://www.youtube.com/channel/UCyl1z3jo3XHR1riLFKG5UAg
角巻わため,https://www.youtube.com/channel/UCqm3BQLlJfvkTsX_hvm0UmA
ときのそら,https://www.youtube.com/channel/UCp6993wxpyDPHUpavwDFqgg
大空スバル,https://www.youtube.com/channel/UCvzGlP9oQwU--Y0r9id_jnA
御伽原江良,https://www.youtube.com/channel/UCwQ9Uv-m8xkE5PzRc7Bqx3Q
ヨメミ,https://www.youtube.com/channel/UCy5lOmEQoivK5XK7QCaRKug
笹木咲,https://www.youtube.com/channel/UCoztvTULBYd3WmStqYeoHcA
もこ田めめめ,https://www.youtube.com/channel/UCz6Gi81kE6p5cdW1rT0ixqw
北上双葉,https://www.youtube.com/channel/UC5nfcGkOAm3JwfPvJvzplHg
金剛いろは,https://www.youtube.com/channel/UCiGcHHHT3kBB1IGOrv7f3qQ
ばあちゃる,https://www.youtube.com/channel/UC6TyfKcsrPwBsBnx2QobVLQ
八重沢なとり,https://www.youtube.com/channel/UC1519-d1jzGiL1MPTxEdtSA
花京院ちえり,https://www.youtube.com/channel/UCP9ZgeIJ3Ri9En69R0kJc9Q
神楽すず,https://www.youtube.com/channel/UCUZ5AlC3rTlM-rA2cj5RP6w
ヤマトイオリ,https://www.youtube.com/channel/UCyb-cllCkMREr9de-hoiDrg
カルロ・ピノ,https://www.youtube.com/channel/UCMzxQ58QL4NNbWghGymtHvw
メリーミルク,https://www.youtube.com/channel/UCju7v8SkoWUQ5ITCQwmYpYg
葛葉,https://www.youtube.com/channel/UCSFCh5NL4qXrAy9u-u2lX3g
鈴原るる,https://www.youtube.com/channel/UC_a1ZYZ8ZTXpjg9xUY9sj8w
叶,https://www.youtube.com/channel/UCspv01oxUFf_MTSipURRhkA
リゼ・ヘルエスタ,https://www.youtube.com/channel/UCZ1xuCK1kNmn5RzPYIZop3w
アンジュ・カトリーナ,https://www.youtube.com/channel/UCHVXbQzkl3rDfsXWo8xi2qw
椎名結華,https://www.youtube.com/channel/UC_4tXjqecqox5Uc05ncxpxg
鈴鹿詩子,https://www.youtube.com/channel/UCwokZsOK_uEre70XayaFnzA
緑仙,https://www.youtube.com/channel/UCt5-0i4AVHXaWJrL8Wql3mw
樋口楓,https://www.youtube.com/channel/UCsg-YqdqQ-KFF0LNk23BY4A
アルス・アルマル,https://www.youtube.com/channel/UCdpUojq0KWZCN9bxXnZwz5w
百鬼あやめ,https://www.youtube.com/channel/UC7fk0CB07ly8oSl0aqKkqFg
天音かなた,https://www.youtube.com/channel/UCZlDXzGoo7d44bwdNObFacg
紫咲シオン,https://www.youtube.com/channel/UCXTpFs_3PqI41qX2d9tL2Rw
Ninomae Ina'nis,https://www.youtube.com/channel/UCMwGHR0BTZuLsmjY_NT5Pwg
大神ミオ,https://www.youtube.com/channel/UCp-5t9SrOQwXMU7iIjQfARg
Takanashi Kiara,https://www.youtube.com/channel/UCHsx4Hqa-1ORjQTh9TYDhww
獅白ぼたん,https://www.youtube.com/channel/UCUKD-uaobj9jiqB-VXt71mA
ロボ子さん,https://www.youtube.com/channel/UCDqI2jOz0weumE8s7paEk6g
癒月ちょこ,https://www.youtube.com/channel/UC1suqwovbL1kzsoaZgFZLKg
不知火フレア,https://www.youtube.com/channel/UCvInZx9h3jC2JzsIzoOebWg
YuNi,https://www.youtube.com/channel/UCHTnX0CSX_KObo5I9WuZ64g
富士葵,https://www.youtube.com/channel/UC3Ruo_5doyu514PesWGvCAg
天神子兎音,https://www.youtube.com/channel/UCAr7rLi_Wn09G-XfTA07d4g
渋谷ハル,https://www.youtube.com/channel/UChLfthKoUV502J7gU9STArg
おめがシスターズ,https://www.youtube.com/channel/UCNjTjd2-PMC8Oo_-dCEss7A
キミノミヤ,https://www.youtube.com/channel/UCg8TPE5nLLOqlNnBivmQwww
ピンキーポップヘップバーン,https://www.youtube.com/channel/UC1pR2ig6NhndhvicEgclNdA
クレア,https://www.youtube.com/channel/UChMPicpTxVNAMOmz7fQEVpA
花鋏キョウ,https://www.youtube.com/channel/UC4OeUf_KfYRrwksschtRYow
犬山たまき,https://www.youtube.com/channel/UC8NZiqKx6fsDT3AVcMiVFyA
Melody,https://www.youtube.com/channel/UC1yoRdFoFJaCY-AGfD9W0wQ
しぐれうい,https://www.youtube.com/channel/UCt30jJgChL8qeT9VPadidSw
ガッチマンV,https://www.youtube.com/channel/UCqTGCMjeKOclEEfW8Vs7sXQ
鹿乃チャンネル,https://www.youtube.com/channel/UCShXNLMXCfstmWKH_q86B8w
バーチャルおばあちゃん,https://www.youtube.com/channel/UCTMgd9qnUD9qKBX5oTtD6ug
名取さな,https://www.youtube.com/channel/UCIdEIHpS0TdkqRkHL5OkLtA
天開司,https://www.youtube.com/channel/UCZYyhgoV314CM14zBD6vd4A
かぐらなな,https://www.youtube.com/channel/UCbfv8uuUXt3RSJGEwxny5Rw
すももチャンネル,https://www.youtube.com/channel/UC38hCsF3st1pBJBw8JnAu2g
イヴ・ヴァルレーヌ,https://www.youtube.com/channel/UCXLqxLD5qCsWC1iEdE-rsWg
ぽんぽこ,https://www.youtube.com/channel/UC1EB8moGYdkoZQfWHjh7Ivw
燦鳥ノム,https://www.youtube.com/channel/UCwRKt_raV3N5KZgxcFyC1vw
星咲ちあ,https://www.youtube.com/channel/UCk7UMlCJ6dlluad9GLKhHzg
人生つみこ,https://www.youtube.com/channel/UCZszUCQMhWNVMxp6CSoyWoA
馬越健太郎,https://www.youtube.com/channel/UC2jBqh7fCEPuTdpwKmxHvjA
勇気ちひろ,https://www.youtube.com/channel/UCLO9QDxVL4bnvRRsz6K4bsQ
マグロナ,https://www.youtube.com/channel/UCPf-EnX70UM7jqjKwhDmS8g
げんげん,https://www.youtube.com/channel/UCNt2ZN3usTdTdRV9HJvYAsQ
くまーめいど,https://www.youtube.com/channel/UCFCuF86oeg1-jsbj2xGgAIQ
シスタークレア,https://www.youtube.com/channel/UC1zFJrfEKvCixhsjNSb1toQ
周防パトラ,https://www.youtube.com/channel/UCeLzT-7b2PBcunJplmWtoDg
もちひよこ,https://www.youtube.com/channel/UCZ1WJDkMNiZ_QwHnNrVf7Pw
戌亥とこ,https://www.youtube.com/channel/UCXRlIK3Cw_TJIQC5kSJJQMg
因幡はねる,https://www.youtube.com/channel/UC0Owc36U9lOyi9Gx9Ic-4qg
ウェザーロイドAiri,https://www.youtube.com/channel/UCzrw4K7D9Ti3FP8WMTVPImg
餅月ひまり,https://www.youtube.com/channel/UCnZUaScptUZ7vBeV-4Vf4nw
赤月ゆに,https://www.youtube.com/channel/UCsA8nM8e5--IdeRaxZwTWHg
藤崎由愛,https://www.youtube.com/channel/UC_zztIHGbBz9L-ZM-Ta2O1Q
さえきやひろ,https://www.youtube.com/channel/UCp-8cPCziyRz2OXJWBOjsCQ
朝ノ姉妹,https://www.youtube.com/channel/UCODNLyn3L83wEmC0DLL0cxA
