"すももチャンネル","2016-08-11T09:17:19Z","Twitchからテスト投稿です！TwitchからYoutubeにテスト投稿です！-- Watch live at https://www.twitch.tv/sumomo_x",=HYPERLINK("https://www.youtube.com/watch?v=Uoa6kbvzufc")
"すももチャンネル","2016-11-16T10:58:03Z","[OW]ラインハルト楽しい",=HYPERLINK("https://www.youtube.com/watch?v=UkJqIj4fTmc")
"すももチャンネル","2016-11-19T08:45:28Z","[Overwatch]オブジェクト意識○",=HYPERLINK("https://www.youtube.com/watch?v=ZyowlfQ6P0E")
"すももチャンネル","2016-11-25T10:08:25Z","[Overwatch]ソンブラのPotG取れた！",=HYPERLINK("https://www.youtube.com/watch?v=OyLBblm4jRw")
"すももチャンネル","2017-02-17T14:11:19Z","プロゲーマーがゼロから始めるスプラトゥーン1日目！",=HYPERLINK("https://www.youtube.com/watch?v=nctNkx75dnc")
"ミライアカリ","2017-10-25T11:19:16Z","【新企画】Mirai Akari Project 始動",=HYPERLINK("https://www.youtube.com/watch?v=I8ZBYReOEsg")
"ミライアカリ","2017-10-27T08:44:07Z","【自己紹介】ねぇ…聞いて欲しいの…【MiraiAkariProject#001】",=HYPERLINK("https://www.youtube.com/watch?v=0V1vk83iV-o")
"ミライアカリ","2017-10-30T11:20:06Z","【自撮り】へーほん中毒学園物語【MiraiAkariProject#002】",=HYPERLINK("https://www.youtube.com/watch?v=TwMkoEuQNAk")
"ミライアカリ","2017-11-02T09:12:36Z","【欲望全開!!!】ポチポチしてみた結果【MiraiAkariProject#003】",=HYPERLINK("https://www.youtube.com/watch?v=b_SEEnVq_GM")
"ミライアカリ","2017-11-05T04:37:34Z","【超難問クイズ】これが出来たらあなたは天才！？【MiraiAkariProject#004】",=HYPERLINK("https://www.youtube.com/watch?v=ce7Xy8wvMzI")
"鹿乃チャンネル","2015-01-29T13:01:00Z","ハロ/ハワユ 歌いました【鹿乃】",=HYPERLINK("https://www.youtube.com/watch?v=URG6YnTPcac")
"鹿乃チャンネル","2015-01-29T13:31:07Z","ケッペキショウ　歌いました【鹿乃】",=HYPERLINK("https://www.youtube.com/watch?v=eyiYja05RAI")
"鹿乃チャンネル","2015-01-31T18:33:28Z","センチメンタルな愛慕心　歌いました【鹿乃】",=HYPERLINK("https://www.youtube.com/watch?v=RfDN1JMMCM4")
"鹿乃チャンネル","2015-01-31T18:40:18Z","メリーメリー　歌いました【鹿乃】",=HYPERLINK("https://www.youtube.com/watch?v=vxZtflYGjA8")
"鹿乃チャンネル","2015-01-31T18:47:04Z","有頂天ビバーチェ　歌いました【鹿乃】",=HYPERLINK("https://www.youtube.com/watch?v=pJI1q1JGhbc")
"キズナアイ","2016-11-29T09:09:44Z","Twitterアカウントを作るよ！",=HYPERLINK("https://www.youtube.com/watch?v=EoPFGj3uuYo")
"キズナアイ","2016-11-29T08:11:22Z","【自己紹介】はじめまして！キズナアイですლ(´ڡ`ლ)",=HYPERLINK("https://www.youtube.com/watch?v=NasyGUeNMTs")
"キズナアイ","2016-12-01T18:36:11Z","体力測定をやってみる！",=HYPERLINK("https://www.youtube.com/watch?v=pU3iGpwKxKc")
"キズナアイ","2016-12-01T18:59:58Z","目指せLINEスタンプクリエイターズアワード！",=HYPERLINK("https://www.youtube.com/watch?v=6TdtxElNCtI")
"キズナアイ","2016-12-07T07:51:29Z","【AI対談】女子高生AIりんなとガールズトーク♡",=HYPERLINK("https://www.youtube.com/watch?v=lL74n-Vr91k")
"電脳少女シロ","2017-06-28T11:42:29Z",""君色に染まる”を踊ってみた",=HYPERLINK("https://www.youtube.com/watch?v=1NPLyPkB6fA")
"電脳少女シロ","2017-07-06T05:41:54Z","45秒【踊ってみた】",=HYPERLINK("https://www.youtube.com/watch?v=_4ychKS04Lc")
"電脳少女シロ","2017-08-11T13:21:58Z","【自己紹介】はじめまして！シロです！【001】",=HYPERLINK("https://www.youtube.com/watch?v=fLC5TE_KYcw")
"電脳少女シロ","2017-08-13T10:59:48Z","【解説】最近よく聞くあの言葉の意味を教えます【002】",=HYPERLINK("https://www.youtube.com/watch?v=KmfGNTbMNBk")
"電脳少女シロ","2017-08-11T12:03:25Z","【YouTuberとして成功するのか？】未来を占ってみた【003】",=HYPERLINK("https://www.youtube.com/watch?v=t1V8O7q0bA8")
"犬山たまき","2017-07-26T19:23:57Z","佃煮のりお1stミニアルバム「17歳」クロスフェード",=HYPERLINK("https://www.youtube.com/watch?v=eX9822ylKQw")
"犬山たまき","2017-08-24T03:36:11Z","【8月29日発売】漫画家の色紙作画配信【双葉さん家の姉弟①】",=HYPERLINK("https://www.youtube.com/watch?v=76W3qdSGnHQ")
"犬山たまき","2017-12-24T03:46:52Z","佃煮のりお2ndミニアルバム「TWINS」クロスフェード",=HYPERLINK("https://www.youtube.com/watch?v=9Y0kpXRS3Go")
"犬山たまき","2018-07-25T14:02:38Z","佃煮のりお3rdミニアルバム「ぼくのしーくれっと」クロスフェード",=HYPERLINK("https://www.youtube.com/watch?v=SPa_FyTe7q4")
"犬山たまき","2018-09-23T05:23:00Z","【初配信】男の娘Vtuberお披露目放送【犬山たまき】",=HYPERLINK("https://www.youtube.com/watch?v=RUVDhWECkWw")
"人生つみこ","2018-07-04T15:22:17Z","【BIO_0】BIOHAZARD 0 リマスター版!!!初見プレイ( ⁰▱⁰ )Part 01【鼻声女子】",=HYPERLINK("https://www.youtube.com/watch?v=0K-_pOJZ3Rk")
"人生つみこ","2018-07-05T15:24:03Z","【BIO_0】BIOHAZARD０ リマスター版!!!初見プレイ( ⁰▱⁰ )part2【脱鼻声女子】",=HYPERLINK("https://www.youtube.com/watch?v=xeEn1XEo6j0")
"人生つみこ","2018-07-08T15:05:58Z","【BIO_0】BIOHAZARD０ リマスター版!!!初見プレイ( ⁰▱⁰ )part3【脱鼻声女子】",=HYPERLINK("https://www.youtube.com/watch?v=h00782pkWmE")
"人生つみこ","2018-07-09T15:04:01Z","【BIO_0】BIOHAZARD０ リマスター版!!!初見プレイ( ⁰▱⁰ )part4【脱鼻声女子】",=HYPERLINK("https://www.youtube.com/watch?v=-d5QXTvLr6k")
"人生つみこ","2018-07-12T14:52:06Z","【BIO_0】BIOHAZARD０ リマスター版!!!初見プレイ( ⁰▱⁰ )part5【鼻声女子】",=HYPERLINK("https://www.youtube.com/watch?v=GF07lKsHbv4")
"ばあちゃる","2017-08-09T10:53:29Z","世界初!?男性バーチャルYoutuber『ばあちゃる』誕生【馬】【001】",=HYPERLINK("https://www.youtube.com/watch?v=IXIrtULN31U")
"ばあちゃる","2017-08-11T13:54:29Z","【世界初!?男性バーチャルyoutuberばあちゃる】動物占いで驚きの結果。。。【002】",=HYPERLINK("https://www.youtube.com/watch?v=H7IeEDrYnRE")
"ばあちゃる","2017-08-12T09:17:20Z","【世界初!?男性バーチャルyoutuberばあちゃる】ぐだぐだ人生相談してみました【003】",=HYPERLINK("https://www.youtube.com/watch?v=Up1tyETrPa4")
"ばあちゃる","2017-08-17T04:08:29Z","【バーチャルyoutuberばあちゃる】盤面見ないで勝てるか検証【ハースストーン】【004】",=HYPERLINK("https://www.youtube.com/watch?v=i1QX2-xzazs")
"ばあちゃる","2017-08-21T10:37:22Z","【世界初!?男性バーチャルyoutuberばあちゃる】爆笑保証企画『第一弾』【005】",=HYPERLINK("https://www.youtube.com/watch?v=LgdQMnNGuXA")
"ヨメミ","2017-08-21T10:02:25Z","パンツが見えないかチェックしてみた♥",=HYPERLINK("https://www.youtube.com/watch?v=f4MLvccbL9w")
"ヨメミ","2017-09-22T05:33:00Z","ハダカ♥のボスに萌実まさかのピンチ！！？【ゲスト：エイレーン】",=HYPERLINK("https://www.youtube.com/watch?v=C8xMaXwRsXI")
"ヨメミ","2017-09-23T08:42:37Z","ホモが大脱走した結果…！！！【＋エイレーンの罠 DQ11#2】",=HYPERLINK("https://www.youtube.com/watch?v=-txhzsGDp9U")
"ヨメミ","2017-10-01T03:49:06Z","あっ❤️も、もぅだめーイジめないで【世界一不公平なマリオ】 - Unfair Mario",=HYPERLINK("https://www.youtube.com/watch?v=lLAWfpCCQF4")
"ヨメミ","2017-10-08T03:11:14Z","私をイジめてもいいよ♥ - Bloodborne #1",=HYPERLINK("https://www.youtube.com/watch?v=POBuJgBDDKE")
"ときのそら","2017-09-07T12:07:16Z","【17/09/07放送】ときのそらVR生放送アーカイブ【#001】",=HYPERLINK("https://www.youtube.com/watch?v=ZXF1SzAtFj8")
"ときのそら","2017-12-27T12:27:06Z","【検証】ときのそらはママなのか？お姉ちゃんなのか？",=HYPERLINK("https://www.youtube.com/watch?v=cee8QH0H_1I")
"ときのそら","2017-12-30T13:39:45Z","【検証？】ときのそらの、珍プレー謎プレー",=HYPERLINK("https://www.youtube.com/watch?v=CPlx3uCF3yU")
"ときのそら","2017-12-31T11:44:46Z","【2017年まとめ・検証】ときのそらは、何がしたいのか？",=HYPERLINK("https://www.youtube.com/watch?v=U4bCpdQDELw")
"ときのそら","2018-01-19T07:53:09Z","【歌ってみた】木の芽時の空 - 路地裏ロジック【soraSong】",=HYPERLINK("https://www.youtube.com/watch?v=BvlCYJ1XZ3Y")
"藤崎由愛","2017-09-19T17:38:05Z","【次世代YouTuber YUA】10月4日からYouTubeで動画配信はじめます！【藤崎由愛】",=HYPERLINK("https://www.youtube.com/watch?v=cN7_u-4WXYc")
"藤崎由愛","2017-10-04T08:36:21Z","【自己紹介】ド緊張の初動画投稿！占いでYUAのこと丸裸にしちゃいまーす！【YUA】",=HYPERLINK("https://www.youtube.com/watch?v=6e6iREg8iBw")
"藤崎由愛","2017-10-06T12:16:22Z","【罰ゲーム】これを見ればYUAの全てが分かる！？体を張りましたw 罰ゲーム20連発！【YUA.Games】",=HYPERLINK("https://www.youtube.com/watch?v=l91I0fMQi5c")
"藤崎由愛","2017-10-12T05:46:10Z","【モンスト】４周年爆絶感謝ガチャ！はじめてのガチャで神引きしちゃったぁ！【YUA.Games】",=HYPERLINK("https://www.youtube.com/watch?v=D25M0iTQFSY")
"藤崎由愛","2017-10-13T07:48:55Z","【８分音符ちゃん】歌いながらの神業に挑戦！もう声が出ないよぉ【YUA.Games】",=HYPERLINK("https://www.youtube.com/watch?v=ebAmW-YmgJU")
"富士葵","2017-12-08T02:26:46Z","【Aoiの自己紹介】YouTuberはじめました！はじめまして！",=HYPERLINK("https://www.youtube.com/watch?v=D5Xx-tNGc9Y")
"富士葵","2017-12-08T08:43:59Z","女の子の悩み解消に挑戦！",=HYPERLINK("https://www.youtube.com/watch?v=TBbmZttZ6og")
"富士葵","2017-12-08T14:04:27Z","【利きシリーズ】第一回は利き”緑茶”　Japanese Green Tea Tasting╭( ･ㅂ･)و",=HYPERLINK("https://www.youtube.com/watch?v=o0_6SnmW1gQ")
"富士葵","2017-12-11T05:49:40Z","シンガポールでマーライオンに会ってきた！ Merlion in Singapore【世界不思議ハンター】",=HYPERLINK("https://www.youtube.com/watch?v=uZEVddot2eM")
"富士葵","2017-12-13T13:42:16Z","妖怪惑星クラリスのガチャ50連でバーチャルJKぶっ壊れる",=HYPERLINK("https://www.youtube.com/watch?v=KheWGHblNBs")
"輝夜月","2017-12-10T06:20:29Z","【自己紹介】輝夜 月の特技がスゴイ！！！！",=HYPERLINK("https://www.youtube.com/watch?v=TeKTVFgw1hM")
"輝夜月","2017-12-14T12:16:47Z","老化防止対策してないとかマ？！",=HYPERLINK("https://www.youtube.com/watch?v=dzEk6wZ4Xuc")
"輝夜月","2017-12-20T14:46:10Z","必殺！あいさつきめてみたっス！！！！！！！！！！！！！！！！！！",=HYPERLINK("https://www.youtube.com/watch?v=zdneuijW_70")
"輝夜月","2017-12-23T14:44:05Z","【クリスマス】え・・・・まさかおまえらって・・・・・・",=HYPERLINK("https://www.youtube.com/watch?v=e-csTusLwZA")
"輝夜月","2017-12-26T13:26:24Z","【Getting Over It】月ちゃんおこだよ！！！！！おこ",=HYPERLINK("https://www.youtube.com/watch?v=GG7nBgIHmKw")
"馬越健太郎","2017-12-27T08:51:01Z","馬馬馬越 / 馬越健太郎",=HYPERLINK("https://www.youtube.com/watch?v=cc7OnJYMWsw")
"馬越健太郎","2018-01-19T07:48:51Z","馬馬馬越踊ってみた / 馬越健太郎",=HYPERLINK("https://www.youtube.com/watch?v=tHlkhjYqM_c")
"馬越健太郎","2018-01-31T08:46:53Z","UUUK/Umakoshi Kentaro",=HYPERLINK("https://www.youtube.com/watch?v=bWRExjX9cqM")
"馬越健太郎","2018-02-14T08:16:14Z","馬越警察～Umakoshi Story～",=HYPERLINK("https://www.youtube.com/watch?v=EXqiOY3ZD4s")
"馬越健太郎","2018-03-05T10:21:28Z","予告オブウマコシ",=HYPERLINK("https://www.youtube.com/watch?v=SJRnl4gL6P8")
"もちひよこ","2018-01-05T15:08:32Z","バーチャルYouTuberデビューしました！もちひよこです！（・8・）",=HYPERLINK("https://www.youtube.com/watch?v=qXiR3Zhnnd4")
"もちひよこ","2018-01-13T13:06:52Z","もちひよこ、おじさん疑惑！？（・8・）",=HYPERLINK("https://www.youtube.com/watch?v=wZQbcTpZ8AI")
"もちひよこ","2018-01-21T01:50:39Z","物理演算だるまおとしで遊ぼう！（・8・）",=HYPERLINK("https://www.youtube.com/watch?v=yZQIxP_nCKE")
"もちひよこ","2018-01-22T12:01:11Z","モデリング生テスト（・8・）",=HYPERLINK("https://www.youtube.com/watch?v=yXTc3O8oqy0")
"もちひよこ","2018-01-26T14:39:31Z","ライブテスト（・8・）",=HYPERLINK("https://www.youtube.com/watch?v=RQLG8eG45-o")
"げんげん","2018-01-08T04:08:31Z","げんげん初めての動画投稿ヽ( ´▽)ノ",=HYPERLINK("https://www.youtube.com/watch?v=5ZGbZXpJNfI")
"げんげん","2018-01-11T14:13:47Z","げんげんの今年の抱負！",=HYPERLINK("https://www.youtube.com/watch?v=e1-0rmS1dwo")
"げんげん","2018-01-16T09:49:00Z","山奥のペンションに閉ざされたげんげん",=HYPERLINK("https://www.youtube.com/watch?v=cV6h0sSB8qs")
"げんげん","2018-01-20T15:07:29Z","魔王げんげんから愚かな人類へ",=HYPERLINK("https://www.youtube.com/watch?v=FwQZM9XpvvQ")
"げんげん","2018-01-26T02:45:06Z","脳トレをするげんげん",=HYPERLINK("https://www.youtube.com/watch?v=IRgIOIKrav8")
"バーチャルおばあちゃん","2018-01-30T10:02:01Z","バーチャルおばあちゃん",=HYPERLINK("https://www.youtube.com/watch?v=80xdLKAINDQ")
"バーチャルおばあちゃん","2018-01-30T10:08:38Z","バーチャルおばあちゃんがはじめてCoD:WW2",=HYPERLINK("https://www.youtube.com/watch?v=MBfSQzcfXiA")
"バーチャルおばあちゃん","2018-01-31T00:48:04Z","バーチャルおばあちゃんの同時配信テスト",=HYPERLINK("https://www.youtube.com/watch?v=bqCLijfp9jA")
"バーチャルおばあちゃん","2018-01-31T09:49:00Z","バーチャルおばあちゃんと壺のやつ【Getting Over It】",=HYPERLINK("https://www.youtube.com/watch?v=PExq2GAyaFM")
"バーチャルおばあちゃん","2018-02-04T07:23:45Z","卍1【MHW】バーチャルおばあちゃんがはじめてモンハンワールド 【キャラメイク編】",=HYPERLINK("https://www.youtube.com/watch?v=Ql4dPMwY2Zc")
"星咲ちあ","2018-01-31T01:11:51Z","めちゃかわ！？バーチャル魔法少女Youtuberちあ爆☆誕",=HYPERLINK("https://www.youtube.com/watch?v=xWlzkk5Plto")
"星咲ちあ","2018-01-31T13:24:39Z","【ちあのおまけミニ動画】Twitterはじめたんだよ！",=HYPERLINK("https://www.youtube.com/watch?v=WPBIbaW0bFg")
"星咲ちあ","2018-02-04T11:55:37Z","【バーチャル魔法少女ちあ】気になるアレの秘密が明かされる…！！【2】",=HYPERLINK("https://www.youtube.com/watch?v=6QDf1KjQoXU")
"星咲ちあ","2018-02-06T12:49:16Z","【ちあのおまけミニ動画】ちあ、踊り狂う",=HYPERLINK("https://www.youtube.com/watch?v=oF02a_r3Wzk")
"星咲ちあ","2018-02-09T08:45:38Z","【バーチャル魔法少女ちあ】ちあの本気を公開します【3】",=HYPERLINK("https://www.youtube.com/watch?v=IP8MVO15DPA")
"樋口楓","2018-02-08T19:06:09Z","【樋口楓】はじめましての自己紹介【にじさんじ】",=HYPERLINK("https://www.youtube.com/watch?v=z7_tYBlUWp0")
"樋口楓","2018-02-13T13:01:29Z","【樋口楓】初Youtube配信【mabinogi&お絵かき】",=HYPERLINK("https://www.youtube.com/watch?v=Uo1wlSfatRc")
"樋口楓","2018-02-14T15:42:19Z","【樋口楓】ミラティブ配信1回目",=HYPERLINK("https://www.youtube.com/watch?v=bLXrKfR9vRg")
"樋口楓","2018-02-15T20:17:09Z","【樋口楓】ミラティブ配信2回目",=HYPERLINK("https://www.youtube.com/watch?v=x4TbLHiKdXQ")
"樋口楓","2018-02-16T13:16:38Z","助けて！樋口楓の初Youtube配信withアキくんちゃん",=HYPERLINK("https://www.youtube.com/watch?v=OvEX1mGTtls")
"月ノ美兎","2018-02-08T00:08:04Z","にじさんじ公式バーチャルユーチューバー 8人始動！",=HYPERLINK("https://www.youtube.com/watch?v=8tTKwtgzJwA")
"月ノ美兎","2018-02-10T09:16:54Z","月ノ美兎、名探偵になるの巻【にじさんじ公式】",=HYPERLINK("https://www.youtube.com/watch?v=lY9rh8gu4Bo")
"月ノ美兎","2018-02-10T13:08:13Z","月ノ美兎の雑談生放送（１）",=HYPERLINK("https://www.youtube.com/watch?v=fdUardVKsNU")
"月ノ美兎","2018-02-11T11:05:35Z","月ノ美兎の個性派ゲームフェス実況(1)",=HYPERLINK("https://www.youtube.com/watch?v=_rmWAyNODsc")
"月ノ美兎","2018-02-16T04:15:59Z","10分で分かる月ノ美兎【にじさんじ公式】",=HYPERLINK("https://www.youtube.com/watch?v=03H1qSot9_s")
"勇気ちひろ","2018-02-08T22:13:53Z","ちひろのじゃがりこ面せつ✧*｡٩(ˊᗜˋ*)و✧*｡",=HYPERLINK("https://www.youtube.com/watch?v=PwrVtDd84XU")
"勇気ちひろ","2018-02-18T04:44:36Z","ちひろの初ゲーム動画(Mirrativ)",=HYPERLINK("https://www.youtube.com/watch?v=Vjvb0ziXf5s")
"勇気ちひろ","2018-03-11T11:15:01Z","ちひろチャンネル（テスト）",=HYPERLINK("https://www.youtube.com/watch?v=NAlIJ7vFtA0")
"勇気ちひろ","2018-03-13T07:41:49Z","ちひろのみらてぃぶアーカイブ！その1٩(๑ᵒ̴̶̷͈̀ ᗜ ᵒ̴̶̷͈́)و ̑̑ ✧ｲｪ~ｨ .:*♬",=HYPERLINK("https://www.youtube.com/watch?v=h50t5Lim5wA")
"勇気ちひろ","2018-03-13T07:42:13Z","ちひろのみらてぃぶアーカイブ！その2٩(๑ᵒ̴̶̷͈̀ ᗜ ᵒ̴̶̷͈́)و ̑̑ ✧ｲｪ~ｨ .:*♬【ゲーム】",=HYPERLINK("https://www.youtube.com/watch?v=spBdSlmnjo0")
"ぽんぽこ","2018-02-01T15:07:44Z","甲賀流忍者！ぽんぽこだよ！【バーチャルYouTuber】",=HYPERLINK("https://www.youtube.com/watch?v=1j-cgb7c3Q4")
"ぽんぽこ","2018-02-06T14:31:07Z","ぽんぽこ、猿探しの旅へ行くの巻！【バーチャル YouTuber】",=HYPERLINK("https://www.youtube.com/watch?v=tY0_zaxzxxo")
"ぽんぽこ","2018-02-11T06:16:44Z","ぽんぽこ、イノシシ狩りに行くの巻！【バーチャルYoutuber】",=HYPERLINK("https://www.youtube.com/watch?v=b_DI3TxKzq4")
"ぽんぽこ","2018-02-14T12:05:52Z","ぽんぽこ直伝！チョコレシピを伝授するの巻！【バーチャルYouTuber】",=HYPERLINK("https://www.youtube.com/watch?v=BHBedvQcKCw")
"ぽんぽこ","2018-02-19T16:11:07Z","共食い！！たぬきバーガーを食す巻【バーチャルYouTuber】",=HYPERLINK("https://www.youtube.com/watch?v=Ry3nh7K7l5g")
"ヒメヒナ","2018-03-18T09:46:57Z","【準備投稿】REC00 田中ヒメ",=HYPERLINK("https://www.youtube.com/watch?v=EMM2WsmCz-c")
"ヒメヒナ","2018-03-22T06:07:03Z","【初投稿】パンツが設定画にのっていたことについての釈明会見",=HYPERLINK("https://www.youtube.com/watch?v=-6OsvuwI0Ck")
"ヒメヒナ","2018-03-26T05:01:12Z","【田中ヒメ編】もらった質問にパリピ感満載で答えてみたｗｗｗ",=HYPERLINK("https://www.youtube.com/watch?v=RgbfAPLhtk8")
"ヒメヒナ","2018-03-30T13:56:19Z","【斎藤さん】フォロワーさんと通話してみた結果カオスwww",=HYPERLINK("https://www.youtube.com/watch?v=RElaKSY8LZA")
"ヒメヒナ","2018-03-31T20:50:29Z","【緊急発表】これから、Vチューバー5人組で活動します！！！！",=HYPERLINK("https://www.youtube.com/watch?v=9CWI2aJ5UfU")
"ロボ子さん","2018-03-04T01:55:51Z","【ロボ子さん】Roboco ch. 04 03 2018 Teaser【#0】",=HYPERLINK("https://www.youtube.com/watch?v=CjeHMTM-IAk")
"ロボ子さん","2018-03-30T12:18:24Z","バイノーラル：雑談編#1　～ボクとおしゃべりしよ～",=HYPERLINK("https://www.youtube.com/watch?v=O5VnW5o_EAs")
"ロボ子さん","2018-04-20T09:36:12Z","【声真似】ロボ子、形から入る【#2】",=HYPERLINK("https://www.youtube.com/watch?v=lcRVZL3n33o")
"ロボ子さん","2018-04-20T11:34:57Z","バイノーラル：台詞編#1　～あなたの耳元で囁いてもいいですか？～",=HYPERLINK("https://www.youtube.com/watch?v=40thwBgW4t0")
"ロボ子さん","2018-04-30T11:55:15Z","【英語テスト】これがロボ子の力です！！【#4】",=HYPERLINK("https://www.youtube.com/watch?v=N2HmKWG_c1g")
"猫宮ひなた","2018-02-16T20:56:05Z","猫宮ひなた、初めての動画とーこー！【#00】",=HYPERLINK("https://www.youtube.com/watch?v=fb1vdhv4ayc")
"猫宮ひなた","2018-02-22T03:34:09Z","バーチャルYoutuber『猫宮ひなた』PUBGをやるよ！【#0X】",=HYPERLINK("https://www.youtube.com/watch?v=QqF7-r3cLIM")
"猫宮ひなた","2018-03-02T13:21:25Z","初めまして！猫宮ひなただよ( •̀ .̫ •́ )✧【#01】",=HYPERLINK("https://www.youtube.com/watch?v=wv5l5X5OurA")
"猫宮ひなた","2018-03-08T14:49:52Z","【PUBG縛りプレイ】何でも言うことを聞いてくれるヒナタチャン【#1X】",=HYPERLINK("https://www.youtube.com/watch?v=ZnfHNU6iej4")
"猫宮ひなた","2018-03-15T11:48:12Z","『猫宮ひなた』今日はBF1をやるよ！【#2X】",=HYPERLINK("https://www.youtube.com/watch?v=4VHTrCY1r5w")
"ウェザーロイドAiri","2018-05-17T13:18:35Z","weatheroid Type A  Airiです。YouTubeはじめました。　2018年5月17日",=HYPERLINK("https://www.youtube.com/watch?v=ZygXkU3pusk")
"ウェザーロイドAiri","2018-05-19T13:01:48Z","weatheroid Type A  Airiです。週末ですね。　2018年5月19日",=HYPERLINK("https://www.youtube.com/watch?v=Q87xpdL19DU")
"ウェザーロイドAiri","2018-05-20T13:08:15Z","weatheroid Type A  Airiです。明日は月曜日。　2018年5月20日",=HYPERLINK("https://www.youtube.com/watch?v=pWdQCrLShjA")
"ウェザーロイドAiri","2018-05-21T13:15:36Z","weatheroid Type A  Airiです。小満ですね。　2018年5月21日",=HYPERLINK("https://www.youtube.com/watch?v=HInbHXpOluI")
"ウェザーロイドAiri","2018-05-22T13:17:49Z","weatheroid Type A  Airiです。2018年5月22日",=HYPERLINK("https://www.youtube.com/watch?v=do7kZvOMt10")
"おめがシスターズ","2018-03-05T08:34:36Z","【バーチャル双子Youtuber】はじめまして！おめがシスターズです！【自己紹介】",=HYPERLINK("https://www.youtube.com/watch?v=GgHx7ljXs08")
"おめがシスターズ","2018-03-07T06:17:57Z","【対決】シリトリンゴリラが面白すぎる",=HYPERLINK("https://www.youtube.com/watch?v=BFkvSgsaOKk")
"おめがシスターズ","2018-03-13T19:26:13Z","【ガンダムAGE】AURORA (Short) / 藍井エイル by おめがレイ",=HYPERLINK("https://www.youtube.com/watch?v=8q-Ny2a0GPM")
"おめがシスターズ","2018-03-17T08:13:03Z","Vtuberでワードウルフをやってみた結果ww",=HYPERLINK("https://www.youtube.com/watch?v=MBaGv0-yqb4")
"おめがシスターズ","2018-03-18T05:41:19Z","【ボカロ】非公開日誌 / GUMI by おめがリオ",=HYPERLINK("https://www.youtube.com/watch?v=FkyotXkl-CI")
"葛葉","2018-03-25T12:32:57Z","【Getting Over It】壺クリアするまで寝れない #01【配信アーカイブ】",=HYPERLINK("https://www.youtube.com/watch?v=nXZs8vFxjso")
"葛葉","2018-03-26T12:15:21Z","【Getting Over It】壺クリアするまで寝れない #02【配信アーカイブ】",=HYPERLINK("https://www.youtube.com/watch?v=CUA02PS3I58")
"葛葉","2018-06-14T16:19:04Z","【#くずなま】PUBG練習！…おや？葛葉の様子が？【02】",=HYPERLINK("https://www.youtube.com/watch?v=6aWuT80nbqo")
"葛葉","2018-07-05T13:36:18Z","【#くずなま】PUBG強化月間！！【03】",=HYPERLINK("https://www.youtube.com/watch?v=-CP1EYoj0EI")
"葛葉","2018-07-14T16:25:22Z","【#くずなま】PUBG Vtuber最強決定戦を終えて【04】",=HYPERLINK("https://www.youtube.com/watch?v=Q5SsB2MVNoc")
"名取さな","2018-03-16T11:56:13Z","はじめまして！名取さなです！！！！！！！！！#01",=HYPERLINK("https://www.youtube.com/watch?v=vayMLrqWfcs")
"名取さな","2018-03-30T16:22:21Z","８分音符ちゃんせんせえ！！！！！！#02",=HYPERLINK("https://www.youtube.com/watch?v=f8b-72LFcXc")
"名取さな","2018-04-20T09:57:14Z","【UNDERTALE】さな、誰も傷つけません！#1",=HYPERLINK("https://www.youtube.com/watch?v=cvtrGK7e3Mk")
"名取さな","2018-04-27T17:40:44Z","【雑談】てすと！",=HYPERLINK("https://www.youtube.com/watch?v=i9MIqdZt7LE")
"名取さな","2018-05-02T09:59:19Z","【UNDERTALE】さな、イヌとパズルにボコボコにされる#2",=HYPERLINK("https://www.youtube.com/watch?v=_CrdGNsSuD0")
"鈴鹿詩子","2018-03-27T06:27:00Z","鈴鹿詩子Mirrativ①古（いにしえ）の腐女子でショ〇コンな歌のおねえさんがバーチャルの世界に舞い降りたよ！【にじさんじ公式】",=HYPERLINK("https://www.youtube.com/watch?v=U9XkQuPBI_E")
"鈴鹿詩子","2018-04-03T11:12:13Z","鈴鹿詩子Mirrativ②┌(┌^o^)┐床に這いつくばりながらショ〇についてやお酒の失敗談、好きな音楽を語るよ！【にじさんじ公式】",=HYPERLINK("https://www.youtube.com/watch?v=b76lRoOvU_w")
"鈴鹿詩子","2018-04-04T12:42:16Z","鈴鹿詩子Mirrativ③どんちきパリピ音楽をBGMに行き場のない母性をリスナーさんにぶつけたり暗黒の学生時代を語る【にじさんじ公式】",=HYPERLINK("https://www.youtube.com/watch?v=EvU-6hRG4Po")
"鈴鹿詩子","2018-03-29T09:19:34Z","鈴鹿詩子雑談#1　高校時代の青春や前期&今期アニメ、バブみの言葉ついて語るよ！【にじさんじ公式】",=HYPERLINK("https://www.youtube.com/watch?v=sG27h6RBQZQ")
"鈴鹿詩子","2018-04-05T05:07:07Z","鈴鹿詩子ゲーム実況#1『メンへラフレシア』実況プレイ①（※ラグ多発注意）【にじさんじ公式】",=HYPERLINK("https://www.youtube.com/watch?v=PkDevdCdwF4")
"もこ田めめめ","2018-04-27T14:47:41Z","【予告】もこ田めめめ【.LIVE公式】",=HYPERLINK("https://www.youtube.com/watch?v=9TicQKtsd98")
"もこ田めめめ","2018-04-27T14:16:35Z","【どっとライブ】【アイドル部】もこ田めめめ【はじめての生放送】",=HYPERLINK("https://www.youtube.com/watch?v=NEntamET7k4")
"もこ田めめめ","2018-05-04T11:33:34Z","【どっとライブ】もこめめ*LIVE【アイドル部】",=HYPERLINK("https://www.youtube.com/watch?v=CbDCq1aqoFc")
"もこ田めめめ","2018-05-05T08:01:18Z","【どっとライブ】もこめめ*LIVE～マイクラの巻～【アイドル部】",=HYPERLINK("https://www.youtube.com/watch?v=1h5-WJvnyvE")
"もこ田めめめ","2018-05-06T09:00:57Z","【どっとライブ】もこめめ*LIVE～L4D2の巻～【アイドル部】",=HYPERLINK("https://www.youtube.com/watch?v=t27ozQhPf6I")
"花京院ちえり","2018-04-27T15:31:07Z","【予告】花京院ちえり（かきょういんちえり）【.LIVE公式】",=HYPERLINK("https://www.youtube.com/watch?v=DJeYulml7ro")
"花京院ちえり","2018-05-04T16:58:54Z","【どっとライブ】【アイドル部】花京院ちえり【はじめての生放送】",=HYPERLINK("https://www.youtube.com/watch?v=yrWWLvPcPLQ")
"花京院ちえり","2018-05-06T03:43:26Z","【PUBG】ちえりのPUBG練習｡･ч･｡#1【アイドル部】",=HYPERLINK("https://www.youtube.com/watch?v=srEuy4Mutwg")
"花京院ちえり","2018-05-07T21:19:48Z","【花京院ちえり】5月5日ぎゅぎゅっとまとめ｡･ч･｡【はじめての生放送】",=HYPERLINK("https://www.youtube.com/watch?v=PHnEKf_wvoM")
"花京院ちえり","2018-05-07T21:42:44Z","【ホラー/ARAYA】ちえりがホラゲARAYAする#１｡･ч･｡【アイドル部】",=HYPERLINK("https://www.youtube.com/watch?v=MoVLa_8qm3M")
"メリーミルク","2018-03-23T13:24:30Z","＃１【ご挨拶】初めまして、メリーミルクです。",=HYPERLINK("https://www.youtube.com/watch?v=j5TngI3bPkc")
"メリーミルク","2018-04-02T16:16:09Z","#2マシュマロとTHE HOUSE【メリーミルク】",=HYPERLINK("https://www.youtube.com/watch?v=a9eWC6GDoyI")
"メリーミルク","2018-05-04T08:53:37Z","#3おやすみ前の絵本【メリーミルク】",=HYPERLINK("https://www.youtube.com/watch?v=QYCkojhAW34")
"メリーミルク","2018-05-30T15:33:08Z","【メリーミルク】蜜月アン・ドゥ・トロワ【うた】",=HYPERLINK("https://www.youtube.com/watch?v=5idq4XAeYIQ")
"メリーミルク","2018-05-01T03:31:52Z","【メリーミルク生配信】メリーとおやすみ",=HYPERLINK("https://www.youtube.com/watch?v=3NQPdNGxmPg")
"星街すいせい","2018-03-22T08:11:04Z","【自己紹介】彗星の如くあらわれたアイドルVTuber！！！【#01】",=HYPERLINK("https://www.youtube.com/watch?v=1dOyVEls4pg")
"星街すいせい","2018-03-28T21:10:35Z","【Q&A】すいせいに詳しくなれ！！！！の巻【#02】",=HYPERLINK("https://www.youtube.com/watch?v=uXUNZLPrgy8")
"星街すいせい","2018-04-01T08:39:50Z","【第1回V-1】面白くなる一手間！？Aviutlテロップ講座！！【#03】",=HYPERLINK("https://www.youtube.com/watch?v=Ia3sVvOtYa0")
"星街すいせい","2018-04-11T18:01:18Z","【Black Rose】ビビりアイドルのホラゲ実況！！！【#04】",=HYPERLINK("https://www.youtube.com/watch?v=PYnWKg4K6EU")
"星街すいせい","2018-04-15T16:22:04Z","【アキネイター】すいせいを認知させよう計画！！！！【#5】",=HYPERLINK("https://www.youtube.com/watch?v=bLN9mdYYCa0")
"朝ノ姉妹","2018-03-31T06:24:04Z","【自己紹介】マリオメーカーに挑戦！！【初投稿】",=HYPERLINK("https://www.youtube.com/watch?v=J14_8ZLhCP4")
"朝ノ姉妹","2018-04-16T08:31:55Z","生存報告動画【朝ノ光】",=HYPERLINK("https://www.youtube.com/watch?v=f6YuYSlJQRE")
"朝ノ姉妹","2018-04-21T13:45:18Z","Snow halationをサビだけ歌ってみた【朝ノ光】",=HYPERLINK("https://www.youtube.com/watch?v=UR72t0xX5hw")
"朝ノ姉妹","2018-05-01T07:53:46Z","【自己紹介】朝ノ光、改めて自己紹介します！",=HYPERLINK("https://www.youtube.com/watch?v=b92L1R1bx_Y")
"朝ノ姉妹","2018-05-02T10:58:49Z","【自己紹介】 朝ノ瑠璃、お姉ちゃんです",=HYPERLINK("https://www.youtube.com/watch?v=f3QgAhHpiXI")
"イヴ・ヴァルレーヌ","2018-05-31T09:56:41Z","【自己紹介】はじめましてイヴです！【バイノーラル】",=HYPERLINK("https://www.youtube.com/watch?v=tHbUI1fcpi8")
"イヴ・ヴァルレーヌ","2018-06-13T08:53:32Z","【耳舐め】#1 耳舐め練習  【ASMR】",=HYPERLINK("https://www.youtube.com/watch?v=y6lPFxeBWq0")
"イヴ・ヴァルレーヌ","2018-07-13T23:20:35Z","一緒にトレーニング【JOI】",=HYPERLINK("https://www.youtube.com/watch?v=FlhkjsT7lfk")
"イヴ・ヴァルレーヌ","2018-08-08T08:54:25Z","【ASMR】音声作品の聞き方とお知らせ",=HYPERLINK("https://www.youtube.com/watch?v=C7oRkQRLklc")
"イヴ・ヴァルレーヌ","2018-09-06T12:55:37Z","４万人記念生放送　お知らせとファンネーム決めと・・・",=HYPERLINK("https://www.youtube.com/watch?v=ifCgKLXIgP0")
"赤月ゆに","2018-04-29T13:32:38Z","【自己紹介】赤月ゆに、始動！！！！",=HYPERLINK("https://www.youtube.com/watch?v=RkB3NVa_NII")
"赤月ゆに","2018-05-10T12:24:18Z","【質問返信】美少女吸血鬼と血と眷族とガンダム",=HYPERLINK("https://www.youtube.com/watch?v=niUoydjhu4c")
"赤月ゆに","2018-06-28T04:03:45Z","ユリイカ2018年7月号に原稿が掲載された吸血鬼",=HYPERLINK("https://www.youtube.com/watch?v=l1-OBHmAEt8")
"赤月ゆに","2018-06-29T23:30:47Z","現代の吸血鬼がネットで眷族を増やすメカニズム　「ミーム」",=HYPERLINK("https://www.youtube.com/watch?v=mnhMtQYHR1w")
"赤月ゆに","2018-08-08T07:26:29Z","8月10日は東京ビッグサイトへ向かえ",=HYPERLINK("https://www.youtube.com/watch?v=1rGwtpbivhI")
"渋谷ハル","2018-05-06T12:27:35Z","【自己紹介】いらっしゃいませ！！！！！渋谷ハルです！！！【#1】",=HYPERLINK("https://www.youtube.com/watch?v=EI4imabjEUw")
"渋谷ハル","2018-05-11T08:45:03Z","【夢】VTuber渋谷ハルの夢を語ります！",=HYPERLINK("https://www.youtube.com/watch?v=Tg8c0lzMeqM")
"渋谷ハル","2018-05-13T06:46:42Z","【PUBG】20キルドン勝＆VTuber最長!?スナイプ",=HYPERLINK("https://www.youtube.com/watch?v=iRrMFtXPDxA")
"渋谷ハル","2018-05-20T08:30:13Z","【VTuberコラボ】5人でWarmode放送のKILL HIGHLIGHT【PUBG】",=HYPERLINK("https://www.youtube.com/watch?v=Pg4rP9ES41g")
"渋谷ハル","2018-05-28T13:35:37Z","【PUBG】必見！？グレネードはこうやって使え！5月28日放送キル集【VTuber】",=HYPERLINK("https://www.youtube.com/watch?v=eUbecJICZII")
"天神子兎音","2018-04-27T07:49:36Z","【#0】おいでやす〜初投稿やでっ【天神子兎音】",=HYPERLINK("https://www.youtube.com/watch?v=c6XX87HNPZE")
"天神子兎音","2018-05-03T08:48:50Z","子兎音の開運生放送#1【雑談】",=HYPERLINK("https://www.youtube.com/watch?v=dJ8B77NJhhE")
"天神子兎音","2018-05-11T11:38:06Z","【歌ってみた】千本桜 feat. 初音ミク【cover by 天神子兎音】",=HYPERLINK("https://www.youtube.com/watch?v=hvFlaniw3rw")
"天神子兎音","2018-05-18T11:55:10Z","【神のスペック教えたるわ】ウチは噛み様やない！神や！ 【早口言葉チャレンジ】",=HYPERLINK("https://www.youtube.com/watch?v=jAnfjBMivZA")
"天神子兎音","2018-05-19T08:33:56Z","【質問コーナー】6分くらいで分かる天神子兎音【自己紹介】",=HYPERLINK("https://www.youtube.com/watch?v=mr1HQb0rRG4")
"さくらみこ","2018-08-01T09:08:12Z","【自己紹介】ウザカワ系バーチャル巫女アイドル！？さくらみこ、爆誕！【新人バーチャルYouTuber】",=HYPERLINK("https://www.youtube.com/watch?v=lMPhHXJbPEQ")
"さくらみこ","2018-08-27T09:41:31Z","【フル動画】巫女が神社にお使いに行ってきた【神田明神】",=HYPERLINK("https://www.youtube.com/watch?v=z2UI0A1p86o")
"さくらみこ","2018-08-27T06:20:53Z","🔴【神回】初生放送★さくらみこ1000人突破記念！夏最後の花火大会【#01】",=HYPERLINK("https://www.youtube.com/watch?v=iaih7CGee8A")
"さくらみこ","2018-09-20T02:43:49Z","【歌ってみた】夢路らびりんす/うらら迷路帖OP - Short ver -【REALITY】",=HYPERLINK("https://www.youtube.com/watch?v=VeWlafLgrMs")
"さくらみこ","2018-12-29T13:36:20Z","🔴【はじめてのホロクラ鯖】ホロ鯖探検隊！～みこ視点～",=HYPERLINK("https://www.youtube.com/watch?v=6z_eIGhMQEY")
"神楽すず","2018-04-27T10:53:31Z","【予告】神楽すず（かぐらすず）【.LIVE公式】",=HYPERLINK("https://www.youtube.com/watch?v=8Ytk0vG7Vr0")
"神楽すず","2018-05-20T08:55:44Z","【どっとライブ】【アイドル部】神楽すず【はじめての生放送】",=HYPERLINK("https://www.youtube.com/watch?v=aaynS9caR8U")
"神楽すず","2018-05-21T11:19:42Z","【アイドル部】マシュマロ雑談【どっとライブ】",=HYPERLINK("https://www.youtube.com/watch?v=FbGeYkUZSho")
"神楽すず","2018-05-23T11:27:35Z","【アイドル部】SCPの話がしたい。",=HYPERLINK("https://www.youtube.com/watch?v=1fk39jPxMew")
"神楽すず","2018-05-27T08:20:24Z","【アイドル部】ふにゃふにゃボブの着せ替え【どっとライブ】",=HYPERLINK("https://www.youtube.com/watch?v=NxLaAR1eBt0")
"カルロ・ピノ","2018-04-27T10:55:14Z","【予告】カルロ ピノ【.LIVE公式】",=HYPERLINK("https://www.youtube.com/watch?v=Zzth-yGqGWk")
"カルロ・ピノ","2018-05-04T09:50:51Z","【どっとライブ】【アイドル部】カルロピノ【はじめての生放送】",=HYPERLINK("https://www.youtube.com/watch?v=WX-NlbcW0oA")
"カルロ・ピノ","2018-05-05T05:26:56Z","【どっとライブ】ましまろパーティしましょう！【アイドル部】",=HYPERLINK("https://www.youtube.com/watch?v=6UiWBf6RU54")
"カルロ・ピノ","2018-05-07T08:39:29Z","【どっとライブ】ましまろパーティしましょう！第二幕【アイドル部】",=HYPERLINK("https://www.youtube.com/watch?v=p_tNDqT8zK0")
"カルロ・ピノ","2018-05-11T09:19:35Z","【どっとライブ】お嬢様たるもの、サバイバルですわ！【アイドル部】",=HYPERLINK("https://www.youtube.com/watch?v=y_GRBKQ38m0")
"北上双葉","2018-04-27T11:15:25Z","【予告】北上双葉 （きたかみふたば）【.LIVE公式】",=HYPERLINK("https://www.youtube.com/watch?v=bNe8-lu19Ns")
"北上双葉","2018-05-04T02:53:58Z","【どっとライブ】【アイドル部】北上双葉【はじめての生放送】",=HYPERLINK("https://www.youtube.com/watch?v=xFlk7cVPvh4")
"北上双葉","2018-05-05T08:30:54Z","【Minecraft】ふたばのマイクラ🌱 #1【アイドル部】",=HYPERLINK("https://www.youtube.com/watch?v=sN2WvgBNtww")
"北上双葉","2018-05-08T11:52:08Z","【Minecraft】洞窟に探検！🌱 #2【アイドル部】",=HYPERLINK("https://www.youtube.com/watch?v=PdZdKVtWd3g")
"北上双葉","2018-05-09T09:10:40Z","【どっとライブ】ふたばのPUBG🔫🌱 #1【アイドル部】",=HYPERLINK("https://www.youtube.com/watch?v=xvm8bofGJEE")
"八重沢なとり","2018-04-27T11:50:13Z","【予告】八重沢なとり（やえざわなとり）【.LIVE公式】",=HYPERLINK("https://www.youtube.com/watch?v=pZxsL1tvJr4")
"八重沢なとり","2018-05-05T03:18:06Z","【どっとライブ】【アイドル部】八重沢なとり【はじめての生放送】",=HYPERLINK("https://www.youtube.com/watch?v=wt7vNqjW1GY")
"八重沢なとり","2018-05-07T20:42:04Z","【どっとライブ】八重沢なとりの活動報告、しましょうか #01【アイドル部】",=HYPERLINK("https://www.youtube.com/watch?v=nhfm7d-GJV4")
"八重沢なとり","2018-05-09T13:53:52Z","【どっとライブ】八重沢なとりの活動報告、しましょうか #02【アイドル部】",=HYPERLINK("https://www.youtube.com/watch?v=c6gY0AYZnXQ")
"八重沢なとり","2018-05-13T01:52:28Z","【どっとライブ】八重沢なとりのゲーム活動、頑張ります...！(QWOP)【アイドル部】",=HYPERLINK("https://www.youtube.com/watch?v=IIumlOCuBQA")
"金剛いろは","2018-04-27T11:31:15Z","【予告】金剛いろは（こんごういろは）【.LIVE公式】",=HYPERLINK("https://www.youtube.com/watch?v=SXdeM-C0EEc")
"金剛いろは","2018-05-04T16:53:11Z","【どっとライブ】【アイドル部】金剛いろは【はじめての生放送】",=HYPERLINK("https://www.youtube.com/watch?v=MGGwgOQ_ufM")
"金剛いろは","2018-05-09T06:05:49Z","【どっとライブ】金剛いろはの納涼配信＃０１【アイドル部】",=HYPERLINK("https://www.youtube.com/watch?v=rMdLnYGJWyU")
"金剛いろは","2018-05-11T10:27:19Z","【どっとライブ】Steamでワンコインおみくじ＃０１",=HYPERLINK("https://www.youtube.com/watch?v=yIfys8FgfGg")
"金剛いろは","2018-05-13T09:43:15Z","【どっとライブ】Steamでワンコインおみくじ＃０２",=HYPERLINK("https://www.youtube.com/watch?v=WvpIiWl0428")
"ヤマトイオリ","2018-04-27T11:23:50Z","【予告】ヤマトイオリ【.LIVE公式】",=HYPERLINK("https://www.youtube.com/watch?v=ZUdmI2c6XHc")
"ヤマトイオリ","2018-05-20T11:05:21Z","【どっとライブ】【アイドル部】ヤマトイオリ【はじめての生放送】",=HYPERLINK("https://www.youtube.com/watch?v=U_DOhXFX-Gg")
"ヤマトイオリ","2018-05-27T07:36:57Z","【どっとライブ】おじさんと登ります【アイドル部】",=HYPERLINK("https://www.youtube.com/watch?v=29iv4SBZfTI")
"ヤマトイオリ","2018-06-01T11:18:51Z","【マリオテニス】#1 着物でもテニスできるんですよ【アイドル部】",=HYPERLINK("https://www.youtube.com/watch?v=SP5hzAgl3bY")
"ヤマトイオリ","2018-06-04T09:49:15Z","【INSIDE】#1 解けるのかしら。。【アイドル部】",=HYPERLINK("https://www.youtube.com/watch?v=njCSoqeQPiM")
"叶","2018-05-01T18:55:33Z","【自己紹介】初めまして、叶です。【#1】",=HYPERLINK("https://www.youtube.com/watch?v=dmdxFlbJ3qM")
"叶","2018-05-03T12:44:20Z","【PUBG】ソロスクアッドでドン勝が食べたいです！【#2】",=HYPERLINK("https://www.youtube.com/watch?v=nYwyop1VZss")
"叶","2018-05-02T23:13:47Z","【before#1】雑談▶「 ゲームのお話」",=HYPERLINK("https://www.youtube.com/watch?v=Pubi0fghrPk")
"叶","2018-05-03T17:01:29Z","【before#2】PUBG＆Fortnite▶「まったりげーむ」",=HYPERLINK("https://www.youtube.com/watch?v=lmF9pDdwSuo")
"叶","2018-05-02T14:03:27Z","【Pick Up#1】雑談/PUBG▶ 「初放送！548分で分かる！叶！」",=HYPERLINK("https://www.youtube.com/watch?v=PmJWrLNdM_0")
"YuNi","2018-06-14T12:07:42Z","【自己紹介】プラチナ 歌ってみた(生歌) - YuNi【カードキャプターさくら】",=HYPERLINK("https://www.youtube.com/watch?v=8yL88k4Aou0")
"YuNi","2018-06-20T13:36:25Z","【メニアック】 sweets parade 歌ってみた(生歌) - YuNi【髏々宮カルタ/妖狐×僕SS】",=HYPERLINK("https://www.youtube.com/watch?v=5bNokEpIYNQ")
"YuNi","2018-06-22T03:14:10Z","【ウエストがしんどい】エイリアンエイリアン 歌ってみた(生歌) - YuNi",=HYPERLINK("https://www.youtube.com/watch?v=BxgZRlx_pDE")
"YuNi","2018-06-22T07:42:12Z","【少しは分かるのです】Violet Snow 歌ってみた(生歌) - YuNi【ヴァイオレット・エヴァーガーデン】",=HYPERLINK("https://www.youtube.com/watch?v=Wn_DHMnQopI")
"YuNi","2018-06-26T02:25:27Z","【キラッ☆】祝10周年！ 星間飛行 歌ってみた(生歌) - YuNi 【マクロスF / ランカ・リー】",=HYPERLINK("https://www.youtube.com/watch?v=McRFlW3gV1M")
"白上フブキ","2018-06-01T09:55:35Z","【初放送】フブキCh。(^・ω・^§)ﾉ　白上フブキのみんなのお耳にちょコンっと放送！",=HYPERLINK("https://www.youtube.com/watch?v=X53mU_mxCDQ")
"白上フブキ","2018-06-01T13:44:45Z","【テスト初放送】フブキCh。(^・ω・^§)ﾉ　白上フブキのみんなのお耳にちょコンっと放送！",=HYPERLINK("https://www.youtube.com/watch?v=zesLeqOFgwc")
"白上フブキ","2018-06-06T12:34:59Z","【白上フブキ】クックパッドおすすめレシピソングを歌ってみた♪",=HYPERLINK("https://www.youtube.com/watch?v=Z72rgSXpUHU")
"白上フブキ","2018-06-09T07:08:49Z","【雑談】フブキCh。(^・ω・^§)ﾉ　白上フブキのみんなのお耳にちょコンっと放送！",=HYPERLINK("https://www.youtube.com/watch?v=AM3kai20okE")
"白上フブキ","2018-06-15T09:26:54Z","【フブキch】白上フブキの自己紹介できてない自己紹介動画",=HYPERLINK("https://www.youtube.com/watch?v=LP5phg8T1YY")
"赤井はあと","2018-06-01T14:52:48Z","🔴【初放送】新人Vtuberの赤井はあとです！はじめまして！",=HYPERLINK("https://www.youtube.com/watch?v=ZDoyb3CWQnE")
"赤井はあと","2018-06-06T10:03:20Z","🔴【QWOP】とんでもないバカゲー実況",=HYPERLINK("https://www.youtube.com/watch?v=16oql7Yjia8")
"赤井はあと","2018-06-06T11:14:45Z","🔴【壺男】とんでもないバカゲー実況＃２-getting over it-",=HYPERLINK("https://www.youtube.com/watch?v=BZr9gFuoxyU")
"赤井はあと","2018-06-10T07:33:27Z","【QWOP】とんでもないバカゲー実況＃１～超凝縮編～",=HYPERLINK("https://www.youtube.com/watch?v=LDVu8fu0NSQ")
"赤井はあと","2018-06-12T13:03:23Z","🔴【死にゲー】狂気の世界でいざ妹探しへ！＃1【LIMBO】",=HYPERLINK("https://www.youtube.com/watch?v=0Ze__14qwFg")
"シスタークレア","2018-06-05T17:18:44Z","#00 はじめまして、シスタークレアと申します。 Mirrativ配信アーカイブ",=HYPERLINK("https://www.youtube.com/watch?v=WYGFgkswmiQ")
"シスタークレア","2018-06-07T11:19:09Z","#01 クレアの自己紹介",=HYPERLINK("https://www.youtube.com/watch?v=8b709uhKSUY")
"シスタークレア","2018-06-07T15:52:05Z","#02　シスター・クレアと申します。 Mirrativアーカイブ",=HYPERLINK("https://www.youtube.com/watch?v=tZCg2a7lx0g")
"シスタークレア","2018-06-07T16:12:58Z","シスター・クレア まいにち動画",=HYPERLINK("https://www.youtube.com/watch?v=Vv0fWJ3FFWQ")
"シスタークレア","2018-06-08T20:44:08Z","シスター・クレア まいにち動画",=HYPERLINK("https://www.youtube.com/watch?v=7m3s883IDu8")
"夏色まつり","2019-12-19T13:28:09Z","白日 / King Gnu (Covered by 夏色まつり&律可)",=HYPERLINK("https://www.youtube.com/watch?v=j84IEsVYGyE")
"夏色まつり","2020-04-13T20:26:17Z","Preserved Roses / T.M.Revolution×水樹奈々(Covered by 夏色まつり&律可)",=HYPERLINK("https://www.youtube.com/watch?v=1KyLE_Ejf-U")
"夏色まつり","2020-05-30T17:29:12Z","【2周年】デビューして2年たつけど皆にどう思われてるの？【ホロライブ/夏色まつり】",=HYPERLINK("https://www.youtube.com/watch?v=ZGvb8QzrE3c")
"夏色まつり","2020-06-01T07:24:28Z","【ガチャ】2周年だしAPEX200連ガチャ対決しないか？【白上フブキ/夏色まつり】",=HYPERLINK("https://www.youtube.com/watch?v=6m0cP9Ehgck")
"夏色まつり","2020-06-02T12:58:37Z","【VALORANT】初めてのヴァロラント！どんなゲームなのか楽しみだねッ！【ホロライブ/夏色まつり】",=HYPERLINK("https://www.youtube.com/watch?v=UJoZ5stt1uc")
"緑仙","2018-06-08T14:26:24Z","はじめまして、リューシェンの話",=HYPERLINK("https://www.youtube.com/watch?v=qg7SVkUpOJE")
"緑仙","2018-06-08T15:42:27Z","5分でわかる緑仙の初配信",=HYPERLINK("https://www.youtube.com/watch?v=UgqQ4HiGobI")
"緑仙","2018-06-10T04:37:06Z","初配信でにじさんじCOOと実質コラボを果たしたライバー",=HYPERLINK("https://www.youtube.com/watch?v=7UJkvn1bmIg")
"緑仙","2018-06-10T15:30:05Z","学校に行きたくない話",=HYPERLINK("https://www.youtube.com/watch?v=n14pREbONj0")
"緑仙","2018-06-18T13:00:56Z","人間と会話をするのは大変〜卯月コウの場合〜",=HYPERLINK("https://www.youtube.com/watch?v=ylMtYqU9Qjk")
"さえきやひろ","2018-06-03T11:52:24Z","やひろのおへや のてすと",=HYPERLINK("https://www.youtube.com/watch?v=crMrp-1DwG4")
"さえきやひろ","2018-06-07T11:25:37Z","やひろの夕方のゆるなま",=HYPERLINK("https://www.youtube.com/watch?v=jcJJlhWynzo")
"さえきやひろ","2018-06-17T13:33:20Z","【自己紹介】さえきやひろです！！！【バーチャルYouTuber】#01",=HYPERLINK("https://www.youtube.com/watch?v=8VnLQ_q22fI")
"さえきやひろ","2018-06-10T10:44:28Z","動画あっぷしたよーーー！！！",=HYPERLINK("https://www.youtube.com/watch?v=r1g44byclSU")
"さえきやひろ","2018-06-23T13:49:42Z","【お絵かき】「#輝夜月10分チャレンジ」をやるー！！#02",=HYPERLINK("https://www.youtube.com/watch?v=vMOONf7KsQ8")
"天開司","2018-06-02T08:18:33Z","【自己紹介】バーチャル債務者youtubeｒの、天開司だ・・・！【第１話】",=HYPERLINK("https://www.youtube.com/watch?v=qH1lbPZuNUI")
"天開司","2018-06-03T13:04:21Z","天開司の豪遊雑談　マイクテスツ編",=HYPERLINK("https://www.youtube.com/watch?v=zidCSEd7fxM")
"天開司","2018-06-10T06:14:04Z","【アキネイター】これゲーム実況でいいのか・・・？【第２話】",=HYPERLINK("https://www.youtube.com/watch?v=--6lDAZTEIk")
"天開司","2018-06-14T11:44:14Z","BAN酌",=HYPERLINK("https://www.youtube.com/watch?v=ABB24Iqwen8")
"天開司","2018-06-03T16:01:19Z","天開司の豪遊雑談　キャプチャーボードが届いたぜ編",=HYPERLINK("https://www.youtube.com/watch?v=ncdt2YgyHLo")
"因幡はねる","2018-06-09T08:15:49Z","【初配信】私の古参になってください♡【因幡はねる / あにまーれ★2018/6/9",=HYPERLINK("https://www.youtube.com/watch?v=-pHms1aiLGg")
"因幡はねる","2018-06-09T14:26:40Z","【初放送お説教会】あにまーれ全員集合配信【因幡はねる / あにまーれ】★2018/6/9",=HYPERLINK("https://www.youtube.com/watch?v=Z50m99f4CQk")
"因幡はねる","2018-06-10T12:14:42Z","【GoatSimulator】やぎやぎ族とたわむれるウサギ#1【因幡はねる / あにまーれ】★2018/6/10",=HYPERLINK("https://www.youtube.com/watch?v=1LWM1Rx-roo")
"因幡はねる","2018-06-10T17:36:53Z","2018/6/11【16:00-17:00マイク故障爆音注意】月曜のいってらっしゃい配信【因幡はねる / あにまーれ】",=HYPERLINK("https://www.youtube.com/watch?v=JFl-D-p3S-8")
"因幡はねる","2018-06-11T11:39:54Z","【実家が罠だらけ】へんなの。変な脱出ゲームをやってみるウサギ【因幡はねる / あにまーれ】★2018/6/11",=HYPERLINK("https://www.youtube.com/watch?v=RxI_i91RYd0")
"マグロナ","2018-06-05T13:19:01Z","よりぬきマグロナちゃん #00 (test)",=HYPERLINK("https://www.youtube.com/watch?v=geP4hCu8H0o")
"マグロナ","2018-06-06T23:51:56Z","よりぬきマグロナちゃん #01",=HYPERLINK("https://www.youtube.com/watch?v=ZZoegZIA8Ww")
"マグロナ","2018-06-08T09:13:16Z","バーチャルボイスチェンジセルフ受肉お絵かき魔王おじさんのセルフキャラデザ回",=HYPERLINK("https://www.youtube.com/watch?v=2FfwYyEgyMQ")
"マグロナ","2018-06-10T15:17:03Z","4000人ありがとな～～",=HYPERLINK("https://www.youtube.com/watch?v=NFkv2VR-9Q0")
"マグロナ","2018-06-14T06:35:09Z","よりぬきマグロナちゃん #02",=HYPERLINK("https://www.youtube.com/watch?v=z36lLpIoLIk")
"本間ひまわり","2018-07-10T06:56:12Z","🌻祝【初配信】雑談とマシュマロ返し【自己紹介】",=HYPERLINK("https://www.youtube.com/watch?v=YtqZQSJBByI")
"本間ひまわり","2018-07-12T10:16:51Z","【自己紹介】本間ひまわりです【短編】",=HYPERLINK("https://www.youtube.com/watch?v=zhSbogaB41M")
"本間ひまわり","2018-07-13T11:02:46Z","【はじめての】Mirrativ-アーカイブ【漢字テスト】",=HYPERLINK("https://www.youtube.com/watch?v=ALCG1nStfeQ")
"本間ひまわり","2018-07-11T14:59:33Z","#1【初見】Layers of Fearやる！【ホラー】",=HYPERLINK("https://www.youtube.com/watch?v=4ixzHD8VRws")
"本間ひまわり","2018-07-16T15:00:49Z","#2【ほんわか】(🌻・ワ・)＜Layers of Fear　やる　【ホラー】",=HYPERLINK("https://www.youtube.com/watch?v=wL5kZnzQx0o")
"笹木咲","2018-07-07T10:34:42Z","【自己紹介】はじめまして。笹木咲やよ～！【よろしく】",=HYPERLINK("https://www.youtube.com/watch?v=BRWfi6ds3Ls")
"笹木咲","2018-07-07T09:58:38Z","【第１回】笹木咲が あらわれた！▼【生放送】",=HYPERLINK("https://www.youtube.com/watch?v=rcQDobPpwm8")
"笹木咲","2018-07-28T17:23:36Z","【まったり】夏休みの宿題しながらおしゃべり～！【おべんきょ】",=HYPERLINK("https://www.youtube.com/watch?v=6KNr-H7XPNw")
"笹木咲","2018-07-31T13:57:36Z","【恐怖の森】ビビりはホラゲをクリアすることができるのか。【Live】",=HYPERLINK("https://www.youtube.com/watch?v=SY6BNxo-DHE")
"笹木咲","2018-08-02T23:57:13Z","【チャンネル登録者数】うちの特技を披露するっ！【２万人記念】",=HYPERLINK("https://www.youtube.com/watch?v=9JT7xhj7GNI")
"周防パトラ","2018-07-13T10:23:35Z","【自己紹介】初めまして。周防パトラよ♪【周防パトラ / ハニスト】",=HYPERLINK("https://www.youtube.com/watch?v=AZMJG5ulypo")
"周防パトラ","2018-07-14T07:57:15Z","【初配信】初めまして、ハニーストラップです【開店】",=HYPERLINK("https://www.youtube.com/watch?v=5TkF9NRNWWM")
"周防パトラ","2018-07-14T09:07:53Z","【雑談】初配信で緊張して引退してしまう周防パトラ",=HYPERLINK("https://www.youtube.com/watch?v=vpxfyHw6Kv8")
"周防パトラ","2018-07-15T11:36:59Z","【BF1】パトラちゃん様が戦場で大暴れしてるどｗｗ【周防パトラ / ハニスト】",=HYPERLINK("https://www.youtube.com/watch?v=mtPgU_Jtzg4")
"周防パトラ","2018-07-16T05:35:31Z","【BF1＊参加OK】ふぇえ戦場でバンバンって怖いですぅうう【周防パトラ / ハニスト】",=HYPERLINK("https://www.youtube.com/watch?v=yW3mx5BBBNo")
"キミノミヤ","2018-07-17T10:31:29Z","キミノミヤ  Japanese HANJO! TV 告知",=HYPERLINK("https://www.youtube.com/watch?v=u4MKg_AG8Jk")
"キミノミヤ","2018-07-17T10:29:25Z","MIYA KIMINO #1 Self-introduction short ver",=HYPERLINK("https://www.youtube.com/watch?v=e61Zd60vVPw")
"キミノミヤ","2018-07-17T10:27:42Z","MIYA KIMINO #1 Self-introduction",=HYPERLINK("https://www.youtube.com/watch?v=wkWrd5mZUxU")
"キミノミヤ","2018-07-31T09:55:01Z","【Otaku Term】#1 Otaku - オタク",=HYPERLINK("https://www.youtube.com/watch?v=t-Fd4DLjlco")
"キミノミヤ","2018-07-31T11:08:51Z","Don't forget to subscribe my channel!",=HYPERLINK("https://www.youtube.com/watch?v=EnYsUWiK7P4")
"燦鳥ノム","2018-08-17T07:56:41Z","【予告動画①】燦鳥ノム、ちょっとだけ自己紹介をする",=HYPERLINK("https://www.youtube.com/watch?v=5O9p83w6RSA")
"燦鳥ノム","2018-08-16T03:50:02Z","【自己紹介】はじめまして、燦鳥ノム（さんとりのむ）です！",=HYPERLINK("https://www.youtube.com/watch?v=BshXJ7hxcn8")
"燦鳥ノム","2018-08-17T09:12:27Z","【予告動画②】燦鳥ノム、デビュー前の心境を語る",=HYPERLINK("https://www.youtube.com/watch?v=BqvKTvNqZTI")
"燦鳥ノム","2018-08-19T23:23:07Z","【解説!!】「ｗｗｗｗ」←これなんて読む？水の国の言葉を紹介します♪",=HYPERLINK("https://www.youtube.com/watch?v=mcpFLZ3Q3bk")
"燦鳥ノム","2018-08-21T16:54:10Z","ドラマツルギー by 燦鳥ノム【歌ってみた】",=HYPERLINK("https://www.youtube.com/watch?v=ZtTQ_pI-cCw")
"椎名結華","2018-08-01T09:39:39Z","【自己紹介】にじさんじゲーマーズ所属の椎名唯華です。【Vtuber】",=HYPERLINK("https://www.youtube.com/watch?v=85_YBOlK07s")
"椎名結華","2018-08-02T12:36:52Z","【初配信】まったりお話し。自己紹介とか質問とか、【にじさんじゲーマーズ】",=HYPERLINK("https://www.youtube.com/watch?v=6mmWw9uUJo4")
"椎名結華","2018-08-05T11:03:52Z","【恐怖の森】霊能力者はホラゲをクリアすることができるのか。【Live】",=HYPERLINK("https://www.youtube.com/watch?v=STagq3BdT4I")
"椎名結華","2018-08-06T14:04:36Z","【Doki Doki Literature Club!】#1 ギャルゲー？まったりやってみる！【ドキドキ文芸部】",=HYPERLINK("https://www.youtube.com/watch?v=Vhr9j5svk4I")
"椎名結華","2018-08-07T08:40:15Z","【Doki Doki Literature Club!】#2ギャルゲー？まったりやってみる！【ドキドキ文芸部】",=HYPERLINK("https://www.youtube.com/watch?v=ApPQMIgFZ9A")
"湊あくあ","2018-08-08T14:47:44Z","【自己紹介】はじめまして、湊あくあです！",=HYPERLINK("https://www.youtube.com/watch?v=S3CAGeeMRvo")
"湊あくあ","2018-12-30T12:53:22Z","【鬼畜】キノコが出るたびにテンションが上がるマリオカート8 with えーちゃん",=HYPERLINK("https://www.youtube.com/watch?v=mj9-GDUwDuk")
"湊あくあ","2019-01-11T12:29:57Z","【Vtuber】ホロライブレジスタンス出陣【悲しみを乗り越えて】",=HYPERLINK("https://www.youtube.com/watch?v=2oVs_gxR8Wg")
"湊あくあ","2019-02-02T03:10:58Z","【反省】ホロライブ鯖へ、今までありがとう・・・【Minecraft】",=HYPERLINK("https://www.youtube.com/watch?v=1-CbtYkvrjA")
"湊あくあ","2019-02-14T08:37:30Z","【バレンタインに】インドア系ならトラックメイカー／湊あくあ【歌ってみた】",=HYPERLINK("https://www.youtube.com/watch?v=-aB6MQU8l1s")
"紫咲シオン","2018-08-17T10:28:46Z","【初生放送】紫咲シオン始動します！！！",=HYPERLINK("https://www.youtube.com/watch?v=aiDUri__QnQ")
"紫咲シオン","2018-09-16T11:17:53Z","魔界のマイクラ…！！【シオン×あやめ】",=HYPERLINK("https://www.youtube.com/watch?v=tedyIBG2QXk")
"紫咲シオン","2018-09-22T04:10:34Z","【ホロライブ】3人の秘密の女子会！",=HYPERLINK("https://www.youtube.com/watch?v=SxLxwE4Fcgk")
"紫咲シオン","2018-09-22T13:02:24Z","【マリカ８DX】オンラインで初見プレイ！#1",=HYPERLINK("https://www.youtube.com/watch?v=LOCl6-lI1Nk")
"紫咲シオン","2018-10-03T12:02:21Z","【挑戦】激辛ペヤングで人生END。",=HYPERLINK("https://www.youtube.com/watch?v=DnXWxBPCgIc")
"百鬼あやめ","2018-09-28T15:07:09Z","【生放送】初マリオカート８デラックス！！",=HYPERLINK("https://www.youtube.com/watch?v=jchmBjT8JPw")
"百鬼あやめ","2018-10-04T14:59:11Z","【生放送】マリオカート8DX！！　いざ勝負！",=HYPERLINK("https://www.youtube.com/watch?v=gV5voSVa1kc")
"百鬼あやめ","2018-10-09T15:01:47Z","【生放送】卍組クラフト！！",=HYPERLINK("https://www.youtube.com/watch?v=iUZpxMfALXI")
"百鬼あやめ","2018-10-16T14:05:14Z","【生放送】のんびりマインクラフト",=HYPERLINK("https://www.youtube.com/watch?v=AI75JFtCxLs")
"百鬼あやめ","2018-11-06T14:04:24Z","【生放送】あやめ×あくあ　らぶらぶ新婚マイクラ生活♡",=HYPERLINK("https://www.youtube.com/watch?v=-VX03G-m8Zc")
"癒月ちょこ","2018-09-04T13:16:47Z","【Vtuber】悪魔の保健医癒月ちょこ初配信【ホロライブ/癒月ちょこ】",=HYPERLINK("https://www.youtube.com/watch?v=9btrd2rcJX8")
"癒月ちょこ","2019-07-24T17:16:26Z","【歌ってみた/4K】妄想税/癒月ちょこ【オリジナルMV】",=HYPERLINK("https://www.youtube.com/watch?v=n9DqvVNBdVI")
"癒月ちょこ","2019-12-03T18:19:06Z","【歌ってみた】〇〇〇〇〇/癒月ちょこ【オリジナルMV】",=HYPERLINK("https://www.youtube.com/watch?v=vmPpfJWxisU")
"癒月ちょこ","2020-05-30T16:41:53Z","【#ちょこっとクッキング】悪魔のお手軽料理教室！火を使わない青椒肉絲作る！【ホロライブ/癒月ちょこ】",=HYPERLINK("https://www.youtube.com/watch?v=sunmv_wIl9w")
"癒月ちょこ","2020-05-31T04:19:43Z","【エーペックスレジェンズ】へなちょこ悪魔の初心者APEX【ホロライブ/癒月ちょこ】",=HYPERLINK("https://www.youtube.com/watch?v=UzXgnQFFP94")
"大空スバル","2020-01-29T12:02:18Z","【体験】コスプレカフェに母ちゃんと行ったら軍人に根性叩き直されたの巻【 レポート】",=HYPERLINK("https://www.youtube.com/watch?v=I4wouNP9EC8")
"大空スバル","2020-01-30T15:52:31Z","【初心者🔰】ティラノサウルスの神になる！！！！！【ARK】",=HYPERLINK("https://www.youtube.com/watch?v=tUD46kVJH58")
"大空スバル","2020-02-01T09:48:15Z","【初地獄】会って０秒で即コラボ？！ホロライブ明るいメンヘラ組お見合い企画【 #トワスバ 】",=HYPERLINK("https://www.youtube.com/watch?v=KNVM-Ka-qa0")
"大空スバル","2020-02-06T07:59:39Z","【ARK】最早なんでもいいからテイムしたいスバルさま【ホロ鯖】",=HYPERLINK("https://www.youtube.com/watch?v=MndFEme2vlM")
"大空スバル","2020-03-19T12:55:54Z","【人生初】あつめろどうぶつの森　初日【どうぶつの森シリーズ】",=HYPERLINK("https://www.youtube.com/watch?v=Zac38GLwLPg")
"花鋏キョウ","2018-09-14T08:19:41Z","【自己紹介】JKアイドル・花鋏（はなばさみ）キョウです！【新人Vtuber】",=HYPERLINK("https://www.youtube.com/watch?v=LqSuVZw6k6E")
"花鋏キョウ","2018-09-15T04:21:34Z","ミュージックミュージックとあ feat. 初音ミク（Covered by 花鋏キョウ)【歌ってみた】",=HYPERLINK("https://www.youtube.com/watch?v=TUtkwmdEXQw")
"花鋏キョウ","2018-09-18T05:19:23Z","廃墟の国のアリス／まふまふ feat. 初音ミク(Covered by 花鋏キョウ)【歌ってみた】",=HYPERLINK("https://www.youtube.com/watch?v=NMdNolKVVco")
"花鋏キョウ","2018-09-21T06:41:19Z","【女性が歌う】じん−アディショナルメモリー/ JIN−Additional Memory(Covered by 花鋏キョウ)【歌ってみた】",=HYPERLINK("https://www.youtube.com/watch?v=jajOPxWbpnM")
"花鋏キョウ","2018-10-02T10:34:38Z","【米津玄師】Lemon／米津玄師(Covered by 花鋏キョウ)ドラマ『アンナチュラル』主題歌",=HYPERLINK("https://www.youtube.com/watch?v=4LX0CjZsQV0")
"しぐれうい","2018-12-08T18:55:28Z","しぐれういの初配信です！",=HYPERLINK("https://www.youtube.com/watch?v=7lmXMVtVxIk")
"しぐれうい","2019-05-18T08:02:07Z","お話しながらお絵かきする【#01】",=HYPERLINK("https://www.youtube.com/watch?v=5w6MUa8rPUQ")
"しぐれうい","2019-05-26T16:03:32Z","ありがとうを言いながらお絵かきする【#02】",=HYPERLINK("https://www.youtube.com/watch?v=SAmqDg3QHMo")
"しぐれうい","2019-05-30T15:33:00Z","【作業雑談】仕事をするのでお話相手になってほしい",=HYPERLINK("https://www.youtube.com/watch?v=1d5_RMgR9JY")
"しぐれうい","2019-06-23T09:03:36Z","告知をしたいしぐれうい【＋雑談】",=HYPERLINK("https://www.youtube.com/watch?v=NRMQgzb-D1A")
"かぐらなな","2019-02-06T10:50:32Z","トリノコシティ(coverd by カグラナナ)",=HYPERLINK("https://www.youtube.com/watch?v=nYxuxiEWK38")
"かぐらなな","2019-02-13T11:07:09Z","♡メランコリック EUROBEAT.ver♡/カグラナナ",=HYPERLINK("https://www.youtube.com/watch?v=bv3jPFYpruc")
"かぐらなな","2019-03-27T10:38:14Z","ひらひら🌸ひらら｜千条アリアｘカグラナナ",=HYPERLINK("https://www.youtube.com/watch?v=pGLXrkZnx3c")
"かぐらなな","2019-04-19T18:10:29Z","【カグラナナ】おちゃめ機能【辛略ver】",=HYPERLINK("https://www.youtube.com/watch?v=troa_bkxiCg")
"かぐらなな","2019-05-06T06:30:43Z","フラジール covered byカグラナナ",=HYPERLINK("https://www.youtube.com/watch?v=FYZqitee64k")
"大神ミオ","2019-02-01T13:56:05Z","ホロライブ幼稚園 ～No,1園児を探せ！～",=HYPERLINK("https://www.youtube.com/watch?v=cXP8OxMN_SQ")
"大神ミオ","2019-03-31T06:56:56Z","大神ミオの占いの館★大空スバル＆さくらみこ",=HYPERLINK("https://www.youtube.com/watch?v=nIWRRiQht6I")
"大神ミオ","2019-06-13T13:03:55Z","【#大神ミオ３D】大神ミオ、３Dお披露目放送だよ～！！！！！【ついに来た！】",=HYPERLINK("https://www.youtube.com/watch?v=T-4B_hiiRlQ")
"大神ミオ","2019-06-30T10:40:14Z","「君の名は。」スパークル/RADWIMPS Cover by大神ミオ【歌ってみた/4K】",=HYPERLINK("https://www.youtube.com/watch?v=2l_6oIGTrbg")
"大神ミオ","2019-07-27T04:56:22Z","【お昼ごはん】そうめんちゅるちゅる【ASMR】",=HYPERLINK("https://www.youtube.com/watch?v=8v2yxlwiCac")
"ピンキーポップヘップバーン","2018-12-30T15:06:05Z","【Pinky Pop Hepburn】超絶美少女ですが？？【自己紹介】",=HYPERLINK("https://www.youtube.com/watch?v=8YGwfmBb1aw")
"ピンキーポップヘップバーン","2019-01-05T10:09:27Z","【バストアップ】レッツ！おっぱい体操！！！！",=HYPERLINK("https://www.youtube.com/watch?v=b4np6yfAQQA")
"ピンキーポップヘップバーン","2019-01-11T08:26:55Z","【リスペクト】尊敬するあの方について語らせて！",=HYPERLINK("https://www.youtube.com/watch?v=rrnlLzVzYHY")
"ピンキーポップヘップバーン","2019-01-17T06:51:26Z","【アイカツ】私のアツいバーチャル活動！始まります！ﾌﾌｯﾋ",=HYPERLINK("https://www.youtube.com/watch?v=rHxh3cBc8ak")
"ピンキーポップヘップバーン","2019-01-24T10:08:14Z","【ピンキー】質問にお答えします！！！【マシュマロ】",=HYPERLINK("https://www.youtube.com/watch?v=U7gkK__ZUu0")
"御伽原江良","2019-03-09T13:57:19Z","【初配信】初めまして！御伽原江良です！！【にじさんじ】",=HYPERLINK("https://www.youtube.com/watch?v=IeGN7UjKKp8")
"御伽原江良","2019-03-11T05:47:43Z","【雑談】マシュマロ食べる【御伽原江良/にじさんじ】",=HYPERLINK("https://www.youtube.com/watch?v=GWIKcxf_EuQ")
"御伽原江良","2019-03-13T08:53:36Z","【バブみ爆発！？】ママになります。【御伽原江良/にじさんじ】",=HYPERLINK("https://www.youtube.com/watch?v=UUnW6f4cbo0")
"御伽原江良","2019-03-14T10:00:32Z","【マイクラ】初心者が頑張る【御伽原江良/にじさんじ】",=HYPERLINK("https://www.youtube.com/watch?v=BpxJjTw47R4")
"御伽原江良","2019-03-15T08:32:12Z","【Getting Over It】絶対イライラしません【御伽原江良/にじさんじ】",=HYPERLINK("https://www.youtube.com/watch?v=voe9zSGH23A")
"アンジュ・カトリーナ","2019-03-22T12:20:49Z","【初配信】私がアンジュ・カトリーナだ！【にじさんじ】",=HYPERLINK("https://www.youtube.com/watch?v=Z_bichz5-4A")
"アンジュ・カトリーナ","2019-03-24T11:42:33Z","【雑談】錬成されたマシュマロを食す。【アンジュ・カトリーナ/にじさんじ】",=HYPERLINK("https://www.youtube.com/watch?v=1ne4MBXj26A")
"アンジュ・カトリーナ","2019-03-25T15:55:47Z","【OUTLAST】激コワ精神病棟に行くことになりました。【アンジュ・カトリーナ/にじさんじ】",=HYPERLINK("https://www.youtube.com/watch?v=d0VxkAlb-hM")
"アンジュ・カトリーナ","2019-03-26T16:30:32Z","【OUTLAST】激コワ精神病棟からの脱出。#2【にじさんじ/アンジュ・カトリーナ】",=HYPERLINK("https://www.youtube.com/watch?v=vcLl7LgTW_A")
"アンジュ・カトリーナ","2019-03-27T17:54:02Z","【街で噂の伯爵様】私の彼氏(予定)を紹介します。【にじさんじ/アンジュ・カトリーナ】",=HYPERLINK("https://www.youtube.com/watch?v=ky-BRrHaI5Q")
"戌亥とこ","2019-03-22T11:58:37Z","【初めまして】戌亥とこ、初配信するで～！【にじさんじ】",=HYPERLINK("https://www.youtube.com/watch?v=Q87UCllmxDo")
"戌亥とこ","2019-03-24T15:19:20Z","【小粋な雑談】ましまろ処理班おいで～【戌亥とこ/にじさんじ】",=HYPERLINK("https://www.youtube.com/watch?v=vnBNi2nbqX0")
"戌亥とこ","2019-03-25T16:04:24Z","【愉快なホラゲ実況】TheHouseでビビらへん必勝法【戌亥とこ】",=HYPERLINK("https://www.youtube.com/watch?v=QY_OSNl6s24")
"戌亥とこ","2019-03-27T10:55:13Z","【アルネの事件簿】名探偵とこ、推理実況【にじさんじ】",=HYPERLINK("https://www.youtube.com/watch?v=bqCjOBICjGw")
"戌亥とこ","2019-03-28T17:26:57Z","【アルネの事件簿】名探偵戌亥、今日こそ謎を解く【にじさんじ】",=HYPERLINK("https://www.youtube.com/watch?v=kl2e3X_qfoI")
"リゼ・ヘルエスタ","2019-03-22T12:20:49Z","【初配信】初めまして、リゼ・ヘルエスタです！【にじさんじ】",=HYPERLINK("https://www.youtube.com/watch?v=o1nO1Jix_Pg")
"リゼ・ヘルエスタ","2019-03-24T11:24:36Z","【雑談】 マシュマロ読みます！ 【リゼ・ヘルエスタ/にじさんじ】",=HYPERLINK("https://www.youtube.com/watch?v=m75r0P9U3JU")
"リゼ・ヘルエスタ","2019-03-25T14:13:04Z","【Layers of Fear】狂気の画家の世界へ…#01【にじさんじ/リゼ・ヘルエスタ】",=HYPERLINK("https://www.youtube.com/watch?v=9l6lzagwLrU")
"リゼ・ヘルエスタ","2019-03-27T11:32:53Z","【とびだせ どうぶつの森】皇女、村長になる【にじさんじ/リゼ・ヘルエスタ】",=HYPERLINK("https://www.youtube.com/watch?v=_4vyhqfhjeg")
"リゼ・ヘルエスタ","2019-03-28T10:17:22Z","【はーとふる彼氏】鳥と恋する物語【にじさんじ/リゼ・ヘルエスタ】",=HYPERLINK("https://www.youtube.com/watch?v=sUzGGAyumXo")
"鈴原るる","2019-04-29T13:43:26Z","【初配信】初めまして！鈴原るる【にじさんじ】",=HYPERLINK("https://www.youtube.com/watch?v=NkgHbxPWItw")
"鈴原るる","2019-05-01T21:19:29Z","【♯すずはライブ】るるとマシュマロ雑談しましょ！【鈴原るる/にじさんじ】",=HYPERLINK("https://www.youtube.com/watch?v=q3ofNZ4DYd8")
"鈴原るる","2019-05-02T23:30:13Z","#01【超魔界村】負けられない戦いがここにある…！！【鈴原るる/にじさんじ】",=HYPERLINK("https://www.youtube.com/watch?v=7-eaZ7WkKVM")
"鈴原るる","2019-05-03T15:48:18Z","#02【超魔界村】再挑戦…！負けられない戦いがここにある…！！【鈴原るる/にじさんじ】",=HYPERLINK("https://www.youtube.com/watch?v=77dUNR9pMSI")
"鈴原るる","2019-05-03T23:46:02Z","#03【超魔界村】限界を超える…！負けられない戦いがここにある…！！【鈴原るる/にじさんじ】",=HYPERLINK("https://www.youtube.com/watch?v=UiH2XztGqTc")
"猫又おかゆ","2019-04-04T19:36:14Z","【#猫又おかゆ初放送】はじめまして！ぼく猫又おかゆ！【新人Vtuber】",=HYPERLINK("https://www.youtube.com/watch?v=NvxP_GB-x5c")
"猫又おかゆ","2019-07-05T15:08:13Z","【ASMR】はじめてのASMR / Japanese Trigger Words, Whispering【ホロライブ/猫又おかゆ】",=HYPERLINK("https://www.youtube.com/watch?v=asuKvMLljXg")
"猫又おかゆ","2019-07-09T17:31:31Z","【 #神岡家 】姉妹の気まぐれラジオ＃2【椎名唯華と猫又おかゆ】",=HYPERLINK("https://www.youtube.com/watch?v=uU_XtABgVPg")
"猫又おかゆ","2019-08-17T18:31:41Z","【雑談】おかゆところねのスーパーおしゃべり【#おかころ 】",=HYPERLINK("https://www.youtube.com/watch?v=62GgDiuk9O0")
"猫又おかゆ","2019-08-19T17:33:46Z","【ASMR】耳元でおしゃべりする【ホロライブ/猫又おかゆ】",=HYPERLINK("https://www.youtube.com/watch?v=iwB5g7-hT34")
"戌神ころね","2019-04-05T09:11:07Z","【#戌神ころね初配信】！！！！はじめまして！！！！【ホロライブ/新人Vtuber】",=HYPERLINK("https://www.youtube.com/watch?v=Qap7HFEx_oM")
"戌神ころね","2019-04-13T13:07:21Z","【#塩パン】シオン先生に教わる初めてのマイクラ【ホロライブ/新人Vtuber】",=HYPERLINK("https://www.youtube.com/watch?v=A0tkkFKSSTg")
"戌神ころね","2019-04-18T13:06:50Z","【#塩パン】シオン先生に教わる２回目のマイクラ【ホロライブ/新人Vtuber】",=HYPERLINK("https://www.youtube.com/watch?v=XIXjrxe_vGk")
"戌神ころね","2019-05-25T12:06:27Z","【上手くなりたい】おひさしゅうスプラトゥーン【ホロライブ/戌神ころね】",=HYPERLINK("https://www.youtube.com/watch?v=khC9KZ8mzyo")
"戌神ころね","2019-07-07T18:29:04Z","【スプラ】Ｓ＋目指すぞ！！！！！！！【ホロライブ/戌神ころね】",=HYPERLINK("https://www.youtube.com/watch?v=lbS3Sq10WII")
"アルス・アルマル","2019-07-26T14:22:49Z","【初配信】はじめまして！アルス・アルマル【にじさんじ】",=HYPERLINK("https://www.youtube.com/watch?v=RX33h0yMfu4")
"アルス・アルマル","2019-07-29T10:46:42Z","【TheHOUSE】叫んだら尾張十雑談【アルス・アルマル/にじさんじ】",=HYPERLINK("https://www.youtube.com/watch?v=e6IXw7nSkTQ")
"アルス・アルマル","2019-07-30T03:37:57Z","#01【MHW】今日からハンターになります【アルス・アルマル/にじさんじ】",=HYPERLINK("https://www.youtube.com/watch?v=kgcoPXPibZE")
"アルス・アルマル","2019-07-31T10:01:56Z","#01【Minecraft】初回!!スポーンガチャに勝って拠点をつくる【アルス・アルマル/にじさんじ】",=HYPERLINK("https://www.youtube.com/watch?v=_zL2e8OjcDM")
"アルス・アルマル","2019-08-01T07:14:18Z","#01【R6S】猪突猛進!?脳筋シージ【アルス・アルマル/にじさんじ】",=HYPERLINK("https://www.youtube.com/watch?v=Bpman7xpBes")
"兎田ぺこら","2019-07-17T08:42:28Z","【#兎田ぺこら初配信】はじめまして、兎田ぺこらです！！【ホロライブ/新人Vtuber】",=HYPERLINK("https://www.youtube.com/watch?v=i8gf-tM13ao")
"兎田ぺこら","2019-07-17T12:01:25Z","【マシュマロ】ウサギがマシュマロ食べるぺこ！！【ホロライブ/新人Vtuber】",=HYPERLINK("https://www.youtube.com/watch?v=BbP6zQak8P8")
"兎田ぺこら","2019-07-19T11:03:59Z","【スプラトゥーン２】ラストフェスを楽しむぺこ！！【ホロライブ/兎田ぺこら】",=HYPERLINK("https://www.youtube.com/watch?v=l5vR2EBHxuA")
"兎田ぺこら","2019-07-21T10:03:41Z","【マリオメーカー２】ホロライブコースをクリアするまで寝ない？！ぺこ！！【ホロライブ/兎田ぺこら】",=HYPERLINK("https://www.youtube.com/watch?v=wsc7yZ4KIY8")
"兎田ぺこら","2019-07-23T10:01:44Z","【マリオメーカー２】初めてレート戦に挑戦するぺこ！！【ホロライブ/兎田ぺこら】",=HYPERLINK("https://www.youtube.com/watch?v=cdtK1h1IYTA")
"潤羽るしあ","2019-07-17T11:36:50Z","【#潤羽るしあ初配信】みなさま、はじめまして！【新人Vtuber】",=HYPERLINK("https://www.youtube.com/watch?v=xqsOegkgDAc")
"潤羽るしあ","2019-07-21T07:15:02Z","【潤羽&兎田】混沌のスプラLASTフェスコラボなのです！【ホロライブ/新人Vtuber】",=HYPERLINK("https://www.youtube.com/watch?v=LugsfFU5udQ")
"潤羽るしあ","2019-08-15T13:00:57Z","【マリオメーカー２】るしあ、ついにやるのです！【ホロライブ/新人Vtuber】",=HYPERLINK("https://www.youtube.com/watch?v=teK61Y-prH0")
"潤羽るしあ","2019-08-31T10:00:46Z","【#ホロ鯖救済企画】マイクラるしあ視点☆３期生グループ【ホロライブ/新人Vtuber】",=HYPERLINK("https://www.youtube.com/watch?v=AxSkXwsjbTY")
"潤羽るしあ","2019-09-29T18:05:56Z","【Granny simulator】ぺこらとるしあの殺し合いが・・・！？【ホロライブ/新人Vtuber】",=HYPERLINK("https://www.youtube.com/watch?v=Hz9MZ7871hI")
"Melody","2019-12-28T03:05:56Z","[MMD] Adios - EVERGLOW [+Motion DL]",=HYPERLINK("https://www.youtube.com/watch?v=Tq92D6wQ1mg")
"Melody","2020-01-02T17:05:10Z","[MMD] Apple Pie - FIESTAR [+ MOTION DL]",=HYPERLINK("https://www.youtube.com/watch?v=iphUftvItZg")
"Melody","2020-01-11T19:22:36Z","[MMD] Call on Me - Eric Prydz [+MOTION DL]",=HYPERLINK("https://www.youtube.com/watch?v=T1EgchIGQ2E")
"Melody","2020-01-20T17:27:20Z","[MMD] Bon Bon Chocolate - EVERGLOW",=HYPERLINK("https://www.youtube.com/watch?v=W_M_GI3NqLk")
"Melody","2020-02-05T21:21:59Z","Is Hentai Art?",=HYPERLINK("https://www.youtube.com/watch?v=9WoE6p7q4A8")
"宝鐘マリン","2019-08-06T11:10:25Z","【#宝鐘マリン初配信】はじめまして、マリン船長です。【ホロライブ/新人Vtuber】",=HYPERLINK("https://www.youtube.com/watch?v=xmcncA-dWFc")
"宝鐘マリン","2019-08-11T13:00:45Z","【#ホロファン座談会】5人でマシュマロいただくぜｗ【ホロライブ三期生】",=HYPERLINK("https://www.youtube.com/watch?v=5hAK7ZwLhew")
"宝鐘マリン","2019-08-12T11:02:13Z","【ましゅまろ雑談】宝鐘海賊団定例会議【ホロライブ/宝鐘マリン】",=HYPERLINK("https://www.youtube.com/watch?v=4cJg6gJZtSA")
"宝鐘マリン","2019-08-14T05:01:27Z","【イラストメイキング】リクエストにお応え！【ホロライブ/宝鐘マリン】",=HYPERLINK("https://www.youtube.com/watch?v=OIwHpztLDMc")
"宝鐘マリン","2019-08-17T10:01:05Z","【スマブラSP】るしあ＆船長VSリスナーのキミたち！【ホロライブ/宝鐘マリン/潤羽るしあ】",=HYPERLINK("https://www.youtube.com/watch?v=Ddi0-Y4F0hE")
"不知火フレア","2019-08-05T14:21:05Z","【#不知火フレア初配信】はじめまして！不知火フレアだよ【ホロライブ/新人Vtuber】",=HYPERLINK("https://www.youtube.com/watch?v=iSrfBezoLT8")
"不知火フレア","2019-08-07T11:01:55Z","【マシュマロ】パクパク食べるパクパク【ホロライブ/新人Vtuber】",=HYPERLINK("https://www.youtube.com/watch?v=jvZxT9s_fmM")
"不知火フレア","2019-08-08T13:54:07Z","【バキッ！】おんなのこだらけの早朝女子会❤【ホロライブ/新人Vtuber】",=HYPERLINK("https://www.youtube.com/watch?v=WqcoGVZYSWI")
"不知火フレア","2019-08-09T08:01:28Z","【ソロマイクラ】初心者サバイバルを生き抜け【ホロライブ/不知火フレア】",=HYPERLINK("https://www.youtube.com/watch?v=eUNkWpyLU5c")
"不知火フレア","2019-08-10T13:59:08Z","きんつばってなんなのよ？【ホロライブ/不知火フレア】",=HYPERLINK("https://www.youtube.com/watch?v=ZAq4u4aDI1o")
"白銀ノエル","2019-08-03T08:29:02Z","【#白銀ノエル初配信】はじめまっする！白銀ノエルですッ！【ホロライブ/新人Vtuber】",=HYPERLINK("https://www.youtube.com/watch?v=wKfiJ-jAJUk")
"白銀ノエル","2019-08-08T13:01:06Z","【マシュマロ】もぐもぐッ！！マシュマロたくさん頂きまっする！！！【ホロライブ/新人Vtuber】",=HYPERLINK("https://www.youtube.com/watch?v=YO56ig-khhA")
"白銀ノエル","2019-08-10T00:00:51Z","【完全初見】ゆるふわ脳筋女騎士のはじめてマイクラ【ホロライブ/新人Vtuber】",=HYPERLINK("https://www.youtube.com/watch?v=V9HWPXy4NaY")
"白銀ノエル","2019-08-10T08:02:26Z","【マシュマロ】ノエルお姉さんのお悩み相談室💘【ホロライブ/新人Vtuber】",=HYPERLINK("https://www.youtube.com/watch?v=Nzh7XaXFlDs")
"白銀ノエル","2019-08-13T13:00:58Z","【みんなで空気読み。】おっとり脳筋女騎士だけど空気読んでくよッ！！【ホロライブ/白銀ノエル】",=HYPERLINK("https://www.youtube.com/watch?v=vZSzsdzL9nI")
"クレア","2019-09-07T11:13:24Z","★初投稿★クレア先生が英語と仲良くなる方法教えます:D",=HYPERLINK("https://www.youtube.com/watch?v=IhbNx2yuMac")
"クレア","2019-09-20T12:36:25Z","英会話【恐怖の例文!?ご飯の上にXXXが…】LとRの発音♪",=HYPERLINK("https://www.youtube.com/watch?v=yw2CpilNiPI")
"クレア","2019-10-16T07:08:25Z","英会話【カタカナを忘れるが大事】THをマスター！",=HYPERLINK("https://www.youtube.com/watch?v=ese_tQ8zxbY")
"クレア","2019-11-09T06:24:33Z","日本の英語クイズが面白過ぎましたｗｗｗ【クレア先生】",=HYPERLINK("https://www.youtube.com/watch?v=EyOFrnmx4xQ")
"クレア","2019-11-22T12:33:20Z","【英語教師の本気】Siriより早く日本語を英訳します！【クレア先生】",=HYPERLINK("https://www.youtube.com/watch?v=G5JbIOWz8BE")
"餅月ひまり","2019-10-26T08:35:02Z","【MV】太陽系デスコ 歌ってみたCover by餅月ひまり",=HYPERLINK("https://www.youtube.com/watch?v=r7Eo34-520U")
"餅月ひまり","2019-11-06T22:09:45Z","【歌ってみた】餅月ひまりが吹っ切れた【おちゃめ機能】",=HYPERLINK("https://www.youtube.com/watch?v=Shg00B-163E")
"餅月ひまり","2019-11-13T13:01:41Z","夢はさいきょーのアイドル！餅月ひまりデビュー！",=HYPERLINK("https://www.youtube.com/watch?v=g0Bfw11RNuQ")
"餅月ひまり","2019-11-13T13:18:36Z","ひまりの見た目を紹介しちゃうわよ！【餅月ひまり】",=HYPERLINK("https://www.youtube.com/watch?v=HpPZiUc1vAc")
"餅月ひまり","2019-11-13T17:35:47Z","It de END”それ”と言ったら、即、終わり。なDead by Daylight",=HYPERLINK("https://www.youtube.com/watch?v=7FFBEqpzkaE")
"天音かなた","2019-12-26T09:45:07Z","【#天音かなた初配信】初めまして。【ホロライブ４期生/新人Vtuber】",=HYPERLINK("https://www.youtube.com/watch?v=XYLTUUrFeu0")
"天音かなた","2019-12-27T14:24:46Z","【#ドルオタ天使】新人ドルオタ天使はホロライブを知りたい～３期生編～【天音かなた/ホロライブ４期生】",=HYPERLINK("https://www.youtube.com/watch?v=hLRUlSRabKI")
"天音かなた","2019-12-29T12:03:40Z","【テトリス99】DT砲は、出来ません。【天音かなた/ホロライブ4期生】",=HYPERLINK("https://www.youtube.com/watch?v=KrFc1ddjLDU")
"天音かなた","2019-12-29T12:14:32Z","【#天界学園放送部】2020年初放送！！４期生の話／お正月の話／ホロみくじの話【天音かなた/ホロライブ4期生】",=HYPERLINK("https://www.youtube.com/watch?v=oY_ZR9W6PjQ")
"天音かなた","2020-01-04T14:25:02Z","【マリカ】かなた視点★勝ったら相手を好き放題できる権利！！！！！【天音かなた＆角巻わため/ホロライブ4期生】",=HYPERLINK("https://www.youtube.com/watch?v=Fy1LSYJPMOg")
"桐生ココ","2019-12-27T02:14:57Z","【#桐生ココ初配信】はじめまして、人間！ホロライブ【ホロライブ4代目会長】",=HYPERLINK("https://www.youtube.com/watch?v=0ngDDHw45AM")
"桐生ココ","2019-12-28T15:08:26Z","【#桐生ココ】あさココライブNEWS初回放送12/29【ホロライブ4代目会長】",=HYPERLINK("https://www.youtube.com/watch?v=6Y8cEnbk1I4")
"桐生ココ","2019-12-29T09:18:14Z","【#桐生ココ】あさココLIVEニュース！12/30【#ココここ】",=HYPERLINK("https://www.youtube.com/watch?v=hj9RVNXrzKo")
"桐生ココ","2019-12-30T06:51:03Z","【#桐生ココ】みかじめ雑談！何があっても全部星街すいせいちゃんのせい！【#ココここ】",=HYPERLINK("https://www.youtube.com/watch?v=q4KXbpc0OOE")
"桐生ココ","2019-12-29T21:52:25Z","【#角巻わため】#桐生ココ#ホロライブ4期生初コラボ【#天音かなた】",=HYPERLINK("https://www.youtube.com/watch?v=DWDol8mek0w")
"角巻わため","2020-01-02T10:13:43Z","【配信できなくても】謝罪動画full.ver【投稿ならできる】",=HYPERLINK("https://www.youtube.com/watch?v=h6IwhTuKSRk")
"角巻わため","2020-01-03T12:22:56Z","【クソザコ回線でも】ひつじのかぞえうた【投稿ならできる】",=HYPERLINK("https://www.youtube.com/watch?v=sGBeuJHmnh4")
"角巻わため","2020-01-04T20:29:10Z","【配信できなくても】クソザコ回線卒業！のうた【投稿ならできる】",=HYPERLINK("https://www.youtube.com/watch?v=dLL6Z8LGFkQ")
"角巻わため","2020-01-09T21:37:23Z","【マリオカート8DX】わためと勝負だ！１位とったる！【角巻わため/ホロライブ４期生】",=HYPERLINK("https://www.youtube.com/watch?v=Oy0yP3kCERE")
"角巻わため","2020-01-11T09:22:29Z","【クソザコ回線でも】はらぺこのうた【投稿ならできる】",=HYPERLINK("https://www.youtube.com/watch?v=HCfJC2dwK6o")
"獅白ぼたん","2020-08-13T04:10:25Z","【初配信】ホロライブ5期生、獅白ぼたん！【#ほろふぁいぶ】",=HYPERLINK("https://www.youtube.com/watch?v=oDtBQCVGRQM")
"獅白ぼたん","2020-08-13T04:24:39Z","ホロライブ5期生の3人で振り返り配信！らみねねぼたんー【#ほろふぁいぶ】",=HYPERLINK("https://www.youtube.com/watch?v=dSjOeye5KnE")
"獅白ぼたん","2020-08-15T06:48:30Z","獅白ぼたん.exe",=HYPERLINK("https://www.youtube.com/watch?v=uRjypahBLik")
"獅白ぼたん","2020-08-16T16:28:13Z","【昼雑】はじめてのざつだん【獅白ぼたん/ホロライブ5期生】",=HYPERLINK("https://www.youtube.com/watch?v=AuREnuIT12k")
"獅白ぼたん","2020-08-18T02:50:37Z","【Fall Guys】初プレイGOGO【獅白ぼたん/ホロライブ】",=HYPERLINK("https://www.youtube.com/watch?v=1xykCOB0Phg")
"ガッチマンV","2020-05-07T13:08:52Z","まずは自己紹介が基本だな",=HYPERLINK("https://www.youtube.com/watch?v=coVFkAAQvYg")
"ガッチマンV","2020-05-08T07:38:21Z","はは、Vtuberなんだから動くに決まってるだろ？",=HYPERLINK("https://www.youtube.com/watch?v=UyVApic-E5s")
"ガッチマンV","2020-05-09T05:25:50Z","【SEKIRO】ゲームスタート～まぼろしお蝶まで #1",=HYPERLINK("https://www.youtube.com/watch?v=H3PoTaSxX1A")
"ガッチマンV","2020-05-09T07:26:09Z","【SEKIRO】本城～葦名弦一郎～落ち谷まで ＃2",=HYPERLINK("https://www.youtube.com/watch?v=Tg9r6Wjaj_U")
"ガッチマンV","2020-05-10T07:40:32Z","【SEKIRO】葦名の底～梟撃破 ＃3",=HYPERLINK("https://www.youtube.com/watch?v=Ne9BGQNv6rU")
"Takanashi Kiara","2020-09-11T11:15:45Z","【DEBUT STREAM】 Time to rise. KIKKERIKIII!! #hololiveEnglish #holoMyth",=HYPERLINK("https://www.youtube.com/watch?v=uObh73QZUvg")
"Takanashi Kiara","2020-09-13T00:26:25Z","【FALL GUYS】I heard there's chicken costumes in this game #hololiveEnglish #holoMyth",=HYPERLINK("https://www.youtube.com/watch?v=zCfoY3v9EWA")
"Takanashi Kiara","2020-09-13T15:11:52Z","The Rise of Kiara the Phoenix (Kiara vers.)",=HYPERLINK("https://www.youtube.com/watch?v=eMjLcDKEROE")
"Takanashi Kiara","2020-09-14T04:26:19Z","【100k Celebration!】Let me answer all your questions! #hololiveEnglish #holoMyth",=HYPERLINK("https://www.youtube.com/watch?v=kNkmluT1nzo")
"Takanashi Kiara","2020-09-15T11:34:34Z","【Egg is broken. Heart is too.】I will save all the eggs!!! #kfp ＃キアライブ",=HYPERLINK("https://www.youtube.com/watch?v=Q10HmxGx0MI")
"Ninomae Ina'nis","2020-09-11T18:36:28Z","【DEBUT STREAM】Hi!🐙 #hololiveEnglish #holoMyth",=HYPERLINK("https://www.youtube.com/watch?v=ujCxiHpVYmg")
"Ninomae Ina'nis","2020-09-13T03:45:11Z","【CHAT+DOODLE】Let's Draw HoloEN!!",=HYPERLINK("https://www.youtube.com/watch?v=SmEGHvxZGH8")
"Ninomae Ina'nis","2020-09-14T04:03:52Z","【CALL OF CTHULU】 New Phone Who Dis #TAKOTIME #hololiveEnglish #holoMyth",=HYPERLINK("https://www.youtube.com/watch?v=0BgP7rXJSJg")
"Ninomae Ina'nis","2020-09-15T20:14:24Z","【DRAWING】 Let's Draw!!",=HYPERLINK("https://www.youtube.com/watch?v=NFQot-w_CrA")
"Ninomae Ina'nis","2020-09-15T20:31:23Z","【CALL OF CTHULHU】 Cthulhu is Spelt with Two H",=HYPERLINK("https://www.youtube.com/watch?v=8DsOqORlvk8")
"Mori Calliope","2020-09-11T11:59:22Z","【DEBUT STREAM】Memento Mori! What is Up, Humans?! #hololiveEnglish #holoMyth",=HYPERLINK("https://www.youtube.com/watch?v=M1_GeIfn48M")
"Mori Calliope","2020-09-12T17:40:42Z","[ORIGINAL SONG]  失礼しますが、RIP♡ || “Excuse My Rudeness, But Could You Please RIP?” - Calliope Mori",=HYPERLINK("https://www.youtube.com/watch?v=5y3xh8gs24c")
"Mori Calliope","2020-09-13T03:17:05Z","【SONG REVIEW AND CHAT】雑談 Thanks for 100k subs! Let's talk- My New Song! feat. Bird (Kiara Takanashi)",=HYPERLINK("https://www.youtube.com/watch?v=HLHdajZxZTo")
"Mori Calliope","2020-09-14T09:12:35Z","[Original Rap] ReaperかRapper? 自己紹介ラップ - Calliope Mori #holoMyth #hololiveEnglish",=HYPERLINK("https://www.youtube.com/watch?v=vz7JIBvAFqM")
"Mori Calliope","2020-09-14T00:17:47Z","【SONG REVIEW (only a little) + CHAT】雑談 on "Dat Jikoshoukai Fire" ?? Ok. Feat. Drawing with Gura!",=HYPERLINK("https://www.youtube.com/watch?v=tsEqK_o3tBQ")
"Watson Amelia","2020-09-11T18:47:53Z","【Debut Stream】The Investigation Begins #hololiveEnglish #holoMyth",=HYPERLINK("https://www.youtube.com/watch?v=MXrFrkIlE-0")
"Watson Amelia","2020-09-11T19:20:49Z","【COLLAB】The Interrogation Begins.... #hololiveEnglish #holoMyth",=HYPERLINK("https://www.youtube.com/watch?v=zkbXdXbs8vk")
"Watson Amelia","2020-09-13T12:36:17Z","【VALORANT】pewpew #amelive #hololiveEnglish #holoMyth",=HYPERLINK("https://www.youtube.com/watch?v=iO6xEwdXk_A")
"Watson Amelia","2020-09-14T04:55:05Z","【APEX】Wattson..? #amelive #hololiveEnglish #holoMyth",=HYPERLINK("https://www.youtube.com/watch?v=Uo3fi0c18YM")
"Watson Amelia","2020-09-14T19:07:59Z","【SUPERLIMINAL】Let's solve puzzles! #amelive #hololiveEnglish #holoMyth #ameliaRT",=HYPERLINK("https://www.youtube.com/watch?v=Pqox9-28ZD0")
"Gawr Gura","2020-09-11T19:09:12Z","[DEBUT STREAM] SHAAAAAARK #hololiveEnglish #holoMyth",=HYPERLINK("https://www.youtube.com/watch?v=dBK0gKW61NU")
"Gawr Gura","2020-09-13T18:57:08Z","[MANEATER] I am hungry #hololiveEnglish #holoMyth",=HYPERLINK("https://www.youtube.com/watch?v=cOo10ndXtmk")
"Gawr Gura","2020-09-15T20:39:23Z","[TABS] THIS BATTLE WILL BE LEGENDARY #GAWRGURA #hololiveEnglish #holoMyth",=HYPERLINK("https://www.youtube.com/watch?v=9LwxW7WUTKs")
"Gawr Gura","2020-09-16T22:39:40Z","[PLUG & PLAY] FACE GOES WHERE? #GAWRGURA #hololiveEnglish #holoMyth",=HYPERLINK("https://www.youtube.com/watch?v=cCOJqSrbiIA")
"Gawr Gura","2020-09-17T04:19:17Z","[BIG NEWS] SHARK SHARK SHARK!! #GAWRGURA #hololiveEnglish #holoMyth",=HYPERLINK("https://www.youtube.com/watch?v=97w16cYskVI")
